sample,lambda,resolution,event,N_error,memory_norm_error,J_error,H_error,memory_change
0,0,base,0,8.817391261572993e-13,6.343814362708144e-13,7.997982551874421e-13,9.608425166618417e-13,0.6026856974098596
0,0,base,1,1.8329782136561334e-13,3.7192471324942744e-14,1.6440423593410394e-13,4.782563234329018e-13,0.14811837859433405
0,0,base,2,3.127449755374202e-16,1.1102230246251565e-16,5.3758650917643115e-16,8.239936510889834e-17,0.20635428337999323
0,0,base,3,3.3439917501709715e-13,5.5067062021407764e-14,2.883558518786696e-13,7.724515471707605e-13,0.09686464209064193
0,0,base,4,3.1585845050585704e-13,9.792167077193881e-14,3.2230170131331757e-13,6.794009799193645e-13,0.21498270261418886
0,0,base,5,2.248393032723876e-11,1.395028537132248e-11,2.0323480990585506e-11,3.38877814698435e-11,0.8059813426635147
0,0,base,6,9.02400551197957e-15,1.3766765505351941e-14,1.1035676930880217e-14,3.0600522116230877e-15,0.6071739569662764
0,0,base,7,1.4416245974757658e-13,2.5091040356528538e-14,1.253147691727147e-13,3.3249791808742657e-13,0.09686464209062504
0,0,base,8,1.2836935044325737e-13,1.3322676295501878e-13,1.3364964106431746e-13,7.14150960590132e-14,0.677704946046538
0,0,base,9,2.8483881919783016e-12,1.6799894808627869e-12,2.7755824054728955e-12,8.472667012426882e-12,0.3661086985920998
0,0,base,10,1.1708811697985766e-10,5.378097966968198e-11,9.031883564958201e-11,2.8068948866422816e-10,0.13377633546097822
0,0,base,11,3.312905505481467e-13,5.473399511402022e-14,2.856812471660037e-13,7.650546862691954e-13,0.0968646420906017
0,0,fine,0,1.2830847495592934e-12,8.396616735240059e-13,1.1199023172675845e-12,1.4195034037101095e-12,0.6026856974099958
0,0,fine,1,2.0078383400345956e-13,3.452793606584237e-14,1.7593829399327653e-13,5.247469125890802e-13,0.14811837859434032
0,0,fine,2,4.691174633061302e-16,3.3306690738754696e-16,4.824986583345346e-16,1.6219664500383146e-16,0.20635428337999334
0,0,fine,3,9.592326932761353e-14,1.4876988529977098e-14,8.234106355182853e-14,2.217601102749711e-13,0.09686464209066056
0,0,fine,4,2.0489165919457264e-13,6.061817714453355e-14,2.0701724254349473e-13,4.41369163439731e-13,0.2149827026143886
0,0,fine,5,5.6672673675457335e-12,4.32409663631006e-12,5.562784413907827e-12,8.616163338359684e-12,0.805981342663944
0,0,fine,6,8.712832908118997e-15,1.354472090042691e-14,1.082118107489844e-14,2.581268532253489e-15,0.607173956966702
0,0,fine,7,1.4521717162097048e-13,2.3425705819590803e-14,1.2492012786987596e-13,3.3516939224043085e-13,0.09686464209065293
0,0,fine,8,1.2311941658598498e-13,1.2811973704174306e-13,1.2808201298110526e-13,6.780687122898144e-14,0.6777049460473388
0,0,fine,9,3.2799318816501e-12,1.6890933096647132e-12,2.892379404807427e-12,9.477862938922499e-12,0.3661086985917346
0,0,fine,10,8.596789946579975e-11,2.4371171747361586e-11,6.321013206773005e-11,2.0487481376852352e-10,0.13377633546046297
0,0,fine,11,9.137135492665038e-14,1.4988010832439613e-14,7.84847691408418e-14,2.111991137532243e-13,0.09686464209064205
0,0.1,base,0,2.876698879106243e-12,1.7116308370646038e-12,2.4965454809954444e-12,3.869488063301674e-12,0.6026856974098215
0,0.1,base,1,4.79061235125755e-13,8.08242361927114e-14,4.2059848613937527e-13,1.2800038806659586e-12,0.14811837859433266
0,0.1,base,2,9.382349266122605e-16,3.3306690738754696e-16,1.090003691604072e-15,5.412337245047638e-16,0.20635428337999104
0,0.1,base,3,2.511324481702104e-13,4.030109579389318e-14,2.178240286571172e-13,5.973208039300459e-13,0.09686464209064137
0,0.1,base,4,4.157785227221211e-13,9.903189379656396e-14,4.040542452238715e-13,9.289236047038685e-13,0.2231896899277499
0,0.1,base,5,9.113506379384408e-12,6.669553798133165e-12,9.073009164681867e-12,1.681010886045442e-11,0.768132615398247
0,0.1,base,6,6.22345207722715e-15,3.119726699196689e-14,1.8621819523462826e-14,1.8485213360008856e-14,0.640024291491237
0,0.1,base,7,2.7844393457598926e-13,4.340972026284362e-14,2.404734818438674e-13,6.62910698556729e-13,0.09686464209062334
0,0.1,base,8,5.941250135288054e-13,5.113687251423471e-13,5.998305588757347e-13,6.205314040386156e-13,0.7108658541412536
0,0.1,base,9,2.4498181261378704e-12,1.361799562005217e-12,2.3981779423499447e-12,7.368550214437164e-12,0.3263543533380918
0,0.1,base,10,4.3004377836552976e-11,2.3404611582122925e-11,3.8689009854658164e-11,1.2068630842141183e-10,0.13626317531846868
0,0.1,base,11,2.5479618415147343e-13,4.04121180963557e-14,2.206273647993748e-13,6.05918093476987e-13,0.09686464209060032
0,0.1,fine,0,1.443845043525016e-12,8.693046282814976e-13,1.2586651830907315e-12,1.9387269567516796e-12,0.6026856974099891
0,0.1,fine,1,1.7708057242771247e-13,3.47499806707674e-14,1.5399672038567373e-13,4.738709424856324e-13,0.14811837859434018
0,0.1,fine,2,7.818624388435504e-16,4.440892098500626e-16,8.223980386140789e-16,3.608224830031759e-16,0.20635428337999123
0,0.1,fine,3,1.4205303600078878e-13,2.1760371282653068e-14,1.2256022760324933e-13,3.3828148615633324e-13,0.09686464209066059
0,0.1,fine,4,2.9309887850104133e-13,7.638334409421077e-14,2.900014086977206e-13,6.524919493600123e-13,0.2231896899279932
0,0.1,fine,5,6.738979288535087e-12,4.001465825353989e-12,6.010963373544543e-12,1.2351564215862254e-11,0.7681326153985208
0,0.1,fine,6,6.8457972849506234e-15,3.11972669919669e-14,1.8859847619392763e-14,1.8457457784393227e-14,0.6400242914917311
0,0.1,fine,7,1.254552017826427e-13,2.0206059048177846e-14,1.0855682445308878e-13,2.984487657009538e-13,0.09686464209065229
0,0.1,fine,8,5.642490128481745e-13,4.871658632055187e-13,5.70150590952129e-13,5.88862292261183e-13,0.7108658541418938
0,0.1,fine,9,1.127542503809309e-12,6.609157665593557e-13,1.1251330026687862e-12,3.4058311726425927e-12,0.326354353337892
0,0.1,fine,10,3.129940751023241e-11,7.563394355258879e-12,2.2643958677188446e-11,7.87176506279493e-11,0.13626317531863422
0,0.1,fine,11,1.3922196728799463e-13,2.1649348980190553e-14,1.2030629197278887e-13,3.3173463975799677e-13,0.09686464209064165
1,0,base,0,1.0261791416610322e-11,4.892308780313215e-12,8.079723059193508e-12,2.5104474055126502e-11,0.521195814622783
1,0,base,1,4.042577383955859e-11,1.703781560280504e-11,3.4874724064105307e-11,1.110721428296685e-10,0.43547311731198696
1,0,base,2,4.044542478709445e-12,1.687761042035163e-12,3.891262976557162e-12,1.38329347976196e-11,0.09214085654960094
1,0,base,3,1.4057643937803732e-12,4.68292071786891e-13,1.4341534026434768e-12,3.580302720962436e-12,0.27161002459415734
1,0,base,4,2.4491741856273485e-12,1.56097357262297e-12,2.05536185487059e-12,4.171135659092329e-12,0.5271861384719324
1,0,base,5,1.0612288825484484e-11,6.081357639686717e-12,9.174964315712871e-12,1.2167544749530634e-11,0.9386448730121546
1,0,base,6,2.1840862451938392e-13,5.928590951498318e-14,2.3224041267094196e-13,4.877209747178313e-13,0.1869962558847125
1,0,base,7,5.668798763736049e-13,2.3292479056635784e-13,6.12041780023001e-13,1.443928310251863e-12,0.2716100245941446
1,0,base,8,8.195666367782906e-13,3.368416656712725e-13,8.759177747632117e-13,2.5128787939365793e-12,0.15187665085211383
1,0,base,9,1.0098588631990424e-12,5.269118474870993e-13,1.0927254502910578e-12,2.629285678068527e-12,0.3415659578178093
1,0,base,10,2.9943105851116597e-12,2.3240298574478333e-12,2.571816150022192e-12,3.0044300380893674e-12,0.7701589065795735
1,0,base,11,1.1225465001984958e-12,3.8813396940895473e-13,1.1558276412668177e-12,2.8593238887708594e-12,0.2716100245941294
1,0,fine,0,2.6884050541298166e-12,1.9506618542664e-12,2.473537038239811e-12,6.838862809388502e-12,0.5211958146226752
1,0,fine,1,8.562039965909207e-12,6.286637876939949e-12,9.61159388324049e-12,2.6440588356108037e-11,0.43547311731091676
1,0,fine,2,1.5955015086888125e-12,9.274803147718558e-13,1.7126333643543772e-12,5.655365065138085e-12,0.09214085654956133
1,0,fine,3,6.91335877434085e-13,2.2648549702353193e-13,7.023389250005831e-13,1.7608969837823452e-12,0.2716100245941652
1,0,fine,4,6.641493476432445e-13,4.2865710980777294e-13,5.599946437455026e-13,1.1298184610097906e-12,0.5271861384735576
1,0,fine,5,1.0034306718864627e-11,5.781153333828092e-12,8.692105891850408e-12,1.1508238806356985e-11,0.9386448730126153
1,0,fine,6,1.782740621791845e-13,4.085620730620568e-14,1.8303917839182133e-13,4.0004111134805953e-13,0.1869962558850884
1,0,fine,7,3.3140157285060923e-13,1.1091128016005314e-13,3.3858196327665997e-13,8.444078769542784e-13,0.27161002459415906
1,0,fine,8,6.132316876517052e-13,1.8807178037150152e-13,6.068654635981732e-13,1.8641754806481003e-12,0.15187665085350358
1,0,fine,9,8.312239785368547e-13,3.977929097231936e-13,8.49844845089452e-13,2.1527224447481785e-12,0.34156595781741733
1,0,fine,10,2.8806733728846423e-12,2.244204821977287e-12,2.4776543755966607e-12,2.888689287772195e-12,0.7701589065834467
1,0,fine,11,6.895595205946847e-13,2.2570834090629432e-13,7.005933195381805e-13,1.7563173138057664e-12,0.27161002459415223
1,0.1,base,0,1.0637934977353325e-11,4.993339075554104e-12,8.43852667131764e-12,2.7632451882197984e-11,0.5211958146227692
1,0.1,base,1,3.21637161349031e-11,1.8861023853844472e-11,3.3202769075895664e-11,9.640144099948133e-11,0.43547311731194327
1,0.1,base,2,4.5957682104358355e-12,1.8332002582610585e-12,4.365343586472995e-12,1.5945245124271423e-11,0.0921408565495971
1,0.1,base,3,7.042699756709681e-13,2.76445533131664e-13,7.547603371012371e-13,1.84385839929746e-12,0.2716100245941565
1,0.1,base,4,2.600099260463491e-12,1.5307755063531658e-12,2.1808613690443655e-12,5.057898544436057e-12,0.5304838399272866
1,0.1,base,5,1.6348589149117743e-11,8.734124534726021e-12,1.4177538860312067e-11,2.224465056599456e-11,0.9393928392378094
1,0.1,base,6,1.7541523789077473e-13,4.596323321948136e-14,1.8562814613198964e-13,3.972239204230732e-13,0.18634122003245981
1,0.1,base,7,6.895595205946847e-13,2.4424906541753444e-13,6.865857665355811e-13,1.8077761509971424e-12,0.27161002459414385
1,0.1,base,8,1.4369061496211089e-12,4.0234482412415673e-13,1.3953462808035886e-12,4.414635323968241e-12,0.15065630751825218
1,0.1,base,9,1.1265433030871463e-12,5.786482404346316e-13,1.2065131381966562e-12,2.9312108296153383e-12,0.37136924258892123
1,0.1,base,10,4.726587247846095e-12,3.3437697055660384e-12,4.044524226458061e-12,6.036393607189439e-12,0.724119194537655
1,0.1,base,11,1.1600165272795948e-12,3.61710661422876e-13,1.1722861367819281e-12,3.038791440701516e-12,0.2716100245941288
1,0.1,fine,0,4.262146191535976e-12,2.1804780203638074e-12,3.3076740515337957e-12,1.1019296586312066e-11,0.5211958146226676
1,0.1,fine,1,2.0018320334713735e-11,7.691292047695697e-12,1.727241815518112e-11,5.561408809878844e-11,0.43547311731089017
1,0.1,fine,2,1.7996715229173788e-12,6.137312880127865e-13,1.638863049565318e-12,6.165512544953344e-12,0.09214085654955845
1,0.1,fine,3,4.158340338733524e-13,1.6719958750854857e-13,4.4708320758338756e-13,1.0893508317622036e-12,0.2716100245941643
1,0.1,fine,4,7.400069768802999e-13,5.382361223382759e-13,6.67405602901486e-13,1.4016565685892601e-12,0.5304838399288654
1,0.1,fine,5,1.544464556246794e-11,8.30002733209763e-12,1.3419942122881735e-11,2.1019241902564545e-11,0.9393928392383956
1,0.1,fine,6,1.567634910770721e-13,3.574918139293001e-14,1.6182087717819164e-13,3.570893580828738e-13,0.18634122003281336
1,0.1,fine,7,2.4646951146678475e-13,9.992007221626409e-14,2.662489268536604e-13,6.448730438535222e-13,0.2716100245941587
1,0.1,fine,8,3.394506897791416e-13,7.16093850883226e-14,3.1198502205473283e-13,1.0376699499659026e-12,0.15065630751967446
1,0.1,fine,9,6.941114349956479e-13,3.9124259387790516e-13,7.672605745293682e-13,1.8088863740217676e-12,0.3713692425883925
1,0.1,fine,10,4.094156559754612e-12,2.922329045418335e-12,3.515021689678403e-12,5.22309973050028e-12,0.7241191945418202
1,0.1,fine,11,5.788702850395566e-13,1.7252865802674933e-13,5.789474032783792e-13,1.5163426070330388e-12,0.2716100245941519
2,0,base,0,1.2072565169773952e-12,4.569677969357143e-13,9.463103491138034e-13,2.4631408024333723e-12,0.33652957630368024
2,0,base,1,6.104561300901423e-13,1.3200551762793111e-13,6.184714409066647e-13,1.819017159121472e-12,0.1252250313460814
2,0,base,2,5.397904345727511e-13,1.8474111129762605e-13,5.184483637797783e-13,1.5789591856218976e-12,0.16378321836723758
2,0,base,3,1.4375500789753914e-11,6.165734589558267e-12,1.1225340949294864e-11,2.5211166887210493e-11,0.1845178773320209
2,0,base,4,1.0347278589506459e-13,9.880984919163893e-15,9.054637948075279e-14,2.7258230395066363e-13,0.051707938860618106
2,0,base,5,3.301026119117978e-12,1.8978152382942426e-12,3.891306568599639e-12,1.1708412017696901e-11,0.045989858867930215
2,0,base,6,1.9309718736027724e-11,1.104238922522427e-11,1.4761278088825566e-11,2.6673163677770617e-11,0.9001781974605595
2,0,base,7,1.1545653322286853e-11,6.091349646908384e-12,9.943310941432944e-12,2.2075864641497697e-11,0.18451787733221756
2,0,base,8,8.285394592633111e-11,3.117783808903596e-11,6.504567894524268e-11,1.907762836594884e-10,0.6518281026811599
2,0,base,9,3.982247864797728e-11,1.2641887536801707e-11,2.896903227853353e-11,1.1079440961133206e-10,0.23907844450205148
2,0,base,10,3.2324698473473745e-12,1.3776757512573568e-12,3.4134925890313336e-12,9.687362023669266e-12,0.3069923674021302
2,0,base,11,1.2107426172747182e-11,5.4072302191343624e-12,9.532881449458687e-12,2.134039972864723e-11,0.18451787733240432
2,0,fine,0,8.356648706353553e-13,3.194111641846575e-13,6.568385739646299e-13,1.7041090760727684e-12,0.3365295763037134
2,0,fine,1,2.358668815816145e-13,4.318767565791859e-14,2.3272592510373663e-13,7.021605519241803e-13,0.1252250313460814
2,0,fine,2,3.576028362317629e-13,1.2079226507921703e-13,3.4683465592147117e-13,1.0467182676165976e-12,0.16378321836723655
2,0,fine,3,7.81985587394729e-12,6.623590564913681e-13,4.652745151383049e-12,1.1306070570222751e-11,0.18451787733210454
2,0,fine,4,2.631228568361621e-14,2.4424906541753444e-15,2.321310711338394e-14,6.940108210340412e-14,0.05170793886073421
2,0,fine,5,1.5971668432257502e-12,9.211520435314924e-13,1.8377912082370927e-12,5.62117019597963e-12,0.045989858867899275
2,0,fine,6,1.821035540028914e-11,1.0470180278332459e-11,1.3947635351571008e-11,2.5164925698817342e-11,0.900178197460634
2,0,fine,7,6.114886375030437e-12,6.982192601867609e-13,3.8407572556945956e-12,9.202036544330049e-12,0.1845178773321916
2,0,fine,8,2.780176089345332e-11,1.5948797837950224e-11,2.5321786302722646e-11,6.802769458857938e-11,0.6518281026794667
2,0,fine,9,1.032174345994008e-11,6.9675376579425574e-12,9.54649623051172e-12,3.2215472961252557e-11,0.23907844450124557
2,0,fine,10,1.754929535024985e-12,1.0581535647702367e-12,2.0830835396971945e-12,5.4328763710032035e-12,0.3069923674021842
2,0,fine,11,6.728617663043224e-12,7.087663789206999e-13,4.1927698465589335e-12,1.0067740035518486e-11,0.18451787733228017
2,0.1,base,0,5.03375119365046e-13,2.5046631435543527e-13,4.3500521869158693e-13,1.089545120791513e-12,0.33652957630367814
2,0.1,base,1,3.5466074521650626e-13,9.114931032172535e-14,3.720545361084725e-13,1.0762224444960111e-12,0.1252250313460817
2,0.1,base,2,9.383605004131823e-13,2.3780977187470853e-13,8.549754549384594e-13,2.803035581422364e-12,0.16378321836723816
2,0.1,base,3,1.7371770688612287e-11,7.427836123952144e-12,1.3592836711636508e-11,3.076271255004461e-11,0.18451787733212613
2,0.1,base,4,9.953149415764528e-14,9.2148511043888e-15,8.683473538543351e-14,2.649339081450819e-13,0.049913352437096804
2,0.1,base,5,3.394506897791416e-12,1.549316230864406e-12,3.557269339445821e-12,1.1847078873472583e-11,0.04340319448843655
2,0.1,base,6,3.100546467446696e-11,1.63907776240535e-11,2.374311916178624e-11,5.030853511556188e-11,0.9123421244839288
2,0.1,base,7,1.3634982032328935e-11,7.16182668725196e-12,1.1751526441028818e-11,2.626682189289048e-11,0.18451787733236055
2,0.1,base,8,9.064227146637904e-11,3.324518438319046e-11,7.29058360788868e-11,2.2857704617962327e-10,0.6326287803312749
2,0.1,base,9,3.247224711344643e-11,1.1501688490511676e-11,2.425957902483848e-11,9.19038003310762e-11,0.2412004603526178
2,0.1,base,10,5.6483706600829464e-12,2.3419044481443052e-12,5.940998626268188e-12,1.7584489420130467e-11,0.2892981486281865
2,0.1,base,11,1.4416912108572433e-11,6.438294342103745e-12,1.1468033939451085e-11,2.5877804762514218e-11,0.18451787733258707
2,0.1,fine,0,4.872768855079812e-13,2.0561330416057894e-13,3.9256801521648494e-13,1.084604628331931e-12,0.33652957630371255
2,0.1,fine,1,2.9359847886212265e-13,5.562217353372034e-14,2.9167450320900355e-13,8.89843754237063e-13,0.12522503134608137
2,0.1,fine,2,4.1400216588272087e-13,1.2811973704174306e-13,3.7918839473434296e-13,1.2361223156176493e-12,0.16378321836723675
2,0.1,fine,3,9.585554572311139e-12,9.228173780684297e-13,5.836743224219316e-12,1.4300881085884127e-11,0.18451787733215683
2,0.1,fine,4,2.5479618415147343e-14,2.1094237467877974e-15,2.218447019384477e-14,6.769064475609099e-14,0.04991335243722144
2,0.1,fine,5,1.6082690734720018e-12,7.831513215705854e-13,1.6175938713962802e-12,5.505262912208764e-12,0.043403194488408486
2,0.1,fine,6,2.8971826415737356e-11,1.548305927911997e-11,2.226479285509744e-11,4.7032711059102894e-11,0.9123421244840656
2,0.1,fine,7,7.0990990863606385e-12,9.151568391985165e-13,4.532563483883146e-12,1.0951941903587435e-11,0.18451787733226307
2,0.1,fine,8,3.6987302109992015e-11,2.130939869005033e-11,3.42687017760421e-11,9.909373321903558e-11,0.6326287803286595
2,0.1,fine,9,1.7635115590053374e-11,6.11022343832701e-12,1.310028145856859e-11,4.978591651410661e-11,0.24120046035204154
2,0.1,fine,10,1.7946200081553343e-12,8.817391261572993e-13,1.832762260302539e-12,5.5282445288185045e-12,0.2892981486281323
2,0.1,fine,11,8.044342969526497e-12,9.627854069549358e-13,5.0941967946164424e-12,1.2338208007126302e-11,0.1845178773323687
3,0,base,0,7.31714688839702e-12,5.2156057250840596e-12,8.120873863138495e-12,1.3153589328851467e-11,0.7092252826924198
3,0,base,1,2.5191182473349727e-11,2.1104118452797138e-11,1.4672908829963198e-11,4.301587521084585e-11,0.17893908393484625
3,0,base,2,7.711794442237808e-13,4.1455727739503335e-13,5.976239847790316e-13,1.1410594691341203e-12,0.40276080898394984
3,0,base,3,6.620259895839808e-13,7.149836278586007e-14,5.325078551686562e-13,2.0719675974945062e-12,0.0326637104990799
3,0,base,4,4.1564751640521536e-11,1.7757018078157216e-11,3.457510500006563e-11,1.1127549411746957e-10,0.27110615241981295
3,0,base,5,3.48397641829832e-12,5.121347790293385e-12,4.511707508085179e-12,9.969655384526372e-12,0.7399086241335266
3,0,base,6,2.6070257064247926e-12,1.1214362771738706e-12,2.613686170237479e-12,7.367328969110076e-12,0.3284288681161427
3,0,base,7,4.3864911702939935e-13,5.839773109528323e-14,3.5424729884759694e-13,1.372651992070928e-12,0.03266371049907682
3,0,base,8,5.999738757205129e-13,2.274846977456898e-13,4.3047265225574677e-13,1.4229312172986397e-12,0.2267277748168882
3,0,base,9,2.97101232504815e-12,1.4306333895319767e-12,3.241267074047381e-12,9.23960907783794e-12,0.236131490006535
3,0,base,10,1.4165014028766702e-10,4.9989568040587073e-11,1.0322062898712455e-10,3.508120358461398e-10,0.31362238985004137
3,0,base,11,6.615819003741308e-13,7.083222897108499e-14,5.317364875003661e-13,2.0707463521674185e-12,0.032663710499073156
3,0,fine,0,5.254019441736091e-12,2.908895346820372e-12,5.288787816865862e-12,9.319434113308489e-12,0.7092252826925342
3,0,fine,1,4.201339276477256e-11,1.8069878926496585e-11,3.651929809286573e-11,9.119274602045598e-11,0.17893908393355196
3,0,fine,2,5.9826655321423e-13,3.30069305221059e-13,4.678115790485612e-13,8.823913821842666e-13,0.40276080898401817
3,0,fine,3,2.0483614804334138e-13,2.8865798640254064e-14,1.6982297702005066e-13,6.419170750504577e-13,0.03266371049908024
3,0,fine,4,1.653199799278582e-11,1.0059064692313768e-11,1.7139442045654993e-11,4.918568791028787e-11,0.2711061524185623
3,0,fine,5,2.0982376872275337e-12,3.079314581100334e-12,2.7146087956167174e-12,5.998290060810858e-12,0.7399086241370576
3,0,fine,6,1.3236078899581116e-12,5.699885008425554e-13,1.3276059696308707e-12,3.740452392264615e-12,0.32842886811632466
3,0,fine,7,3.198552533945076e-13,3.4194869158454815e-14,2.567597853013505e-13,1.0012546347581974e-12,0.03266371049907863
3,0,fine,8,2.777494062812639e-13,1.0447198661722616e-13,1.9912620008800725e-13,6.596667656566524e-13,0.22672777481926065
3,0,fine,9,1.3031797863050087e-12,7.364109322338663e-13,1.549274225228388e-12,4.139910636524746e-12,0.2361314900063238
3,0,fine,10,4.8060141216687694e-11,3.1170177550166045e-11,4.3849060493602417e-11,1.3439007947257525e-10,0.3136223898443926
3,0,fine,11,2.000621890374532e-13,2.842170943040401e-14,1.6581913620604128e-13,6.274009090034838e-13,0.032663710499077125
3,0.1,base,0,9.380052290453023e-12,5.166977956605478e-12,9.566355827323403e-12,1.7883139413754634e-11,0.7092252826924101
3,0.1,base,1,7.814104918679732e-11,4.095956906979836e-11,7.249560719425976e-11,1.7686305073639104e-10,0.17893908393739935
3,0.1,base,2,7.657570887565823e-13,4.4164671919588717e-13,6.281570185566219e-13,1.3165024626005106e-12,0.4027608089839392
3,0.1,base,3,3.5427216715788745e-13,4.773959005888172e-14,2.921115098966243e-13,1.1274869926580777e-12,0.03266371049908013
3,0.1,base,4,4.852251933584739e-11,1.50801593434835e-11,4.117071578158203e-11,1.3053458102863716e-10,0.2623145878635182
3,0.1,base,5,3.5684861418054994e-12,4.5176085095022245e-12,4.393246289839094e-12,9.934241517898785e-12,0.7429934909988917
3,0.1,base,6,2.3432367157738554e-12,1.297628671181883e-12,2.574711159472862e-12,7.037148641586555e-12,0.319600710059304
3,0.1,base,7,4.106714968088454e-13,5.773159728050814e-14,3.3949456854634157e-13,1.306371677500806e-12,0.03266371049907668
3,0.1,base,8,4.432773313768344e-13,1.3766765505351653e-13,3.151089015869914e-13,1.146832628862171e-12,0.1600023823152577
3,0.1,base,9,2.7269297930843095e-12,1.5102363803976004e-12,3.2083555492640558e-12,8.722134126060155e-12,0.24830425262610756
3,0.1,base,10,1.229047098284623e-10,6.03010974487006e-11,1.0171882223553199e-10,3.0746166297937754e-10,0.32401797202043536
3,0.1,base,11,3.462785613805863e-13,4.618527782440649e-14,2.8516362330704703e-13,1.1013967515793865e-12,0.03266371049907281
3,0.1,fine,0,2.4739099657722363e-12,1.6815437930972617e-12,2.694950758221223e-12,4.756750549006483e-12,0.7092252826925326
3,0.1,fine,1,7.708578220189111e-11,3.770816991988113e-11,6.987726829818483e-11,1.7189948368462939e-10,0.17893908393485825
3,0.1,fine,2,5.964591013918304e-13,2.925437669887287e-13,4.666307668011677e-13,1.0583756093751617e-12,0.4027608089840138
3,0.1,fine,3,2.2004620348070603e-13,3.0864200084579346e-14,1.8232464612582378e-13,7.004397062360113e-13,0.03266371049908054
3,0.1,fine,4,1.7179813127654597e-11,8.054001909840736e-12,1.5022639844200004e-11,4.685624654421027e-11,0.2623145878624981
3,0.1,fine,5,2.045419110040958e-12,2.574829238710663e-12,2.5132506870306586e-12,5.689956003600485e-12,0.7429934910048605
3,0.1,fine,6,1.0093037516867298e-12,5.682121440031551e-13,1.115648204300201e-12,3.0345725932079404e-12,0.3196007100595108
3,0.1,fine,7,2.1938006966593093e-13,2.953193245502915e-14,1.805120341270767e-13,6.973865929182921e-13,0.03266371049907882
3,0.1,fine,8,1.4969866918792935e-13,5.240252676230685e-14,1.0671297639633553e-13,3.855249453010856e-13,0.16000238232020575
3,0.1,fine,9,1.3683498778505054e-12,7.746026042809717e-13,1.6226328053664557e-12,4.385269924966906e-12,0.24830425262643477
3,0.1,fine,10,6.501871847612266e-11,3.237210499662524e-11,5.406257596173568e-11,1.6307128199228565e-10,0.32401797201256455
3,0.1,fine,11,2.1793677973391823e-13,2.975397705995418e-14,1.7995327361791305e-13,6.925848783367883e-13,0.0326637104990772
