radius,core,well,mode
0.0,0.7426140469967158,0.25,0.11238693784406252
0.1,0.7426140469967158,0.09023482338909641,0.11238693784406252
0.2,0.7426119113947539,0.09023539245219074,0.1123419113288597
0.30000000000000004,0.742608331513518,0.09023634637046193,0.1122668916155165
0.4,0.7426032763149143,0.09023769342275217,0.11216191541107458
0.5,0.7425967019008286,0.09023944531845687,0.11202703408353193
0.6000000000000001,0.742588551062495,0.09024161731812311,0.11186231364007737
0.7000000000000001,0.7425787526926876,0.09024422839078401,0.11166783469924259
0.8,0.7425672210542897,0.09024730140977481,0.11144369245707474
0.9,0.7425538548972267,0.09025086338920182,0.1111899966474566
1.0,0.742538536414085,0.09025494576368917,0.11090687149672708
1.1,0.7425211300229846,0.09025958471450737,0.1105944556727782
1.2000000000000002,0.7425014809643843,0.09026482154570503,0.11025290222883434
1.3,0.7424794136964808,0.09027070311441898,0.1098823785421437
1.4000000000000001,0.7424547300716774,0.09027728232014241,0.10948306624784404
1.5,0.7424272072742375,0.09028461865838275,0.10905516116829293
1.6,0.742396595496669,0.09029277884485765,0.10859887323818458
1.7000000000000002,0.7423626153295937,0.09030183751715706,0.10811442642581051
1.8,0.742324954836817,0.09031187802165522,0.10760205865085443
1.9000000000000001,0.742283266283991,0.09032299329439727,0.10706202169915044
2.0,0.7422371624856487,0.09033528684571476,0.1064945811348728
2.1,0.7421862127314397,0.09034887385946107,0.10590001621066622
2.2,0.7421299382480998,0.09036388241900159,0.1052786197762717
2.3000000000000003,0.7420678071490069,0.09038045487346713,0.10463069818624787
2.4000000000000004,0.7419992288180917,0.09039874935928208,0.10395657120743784
2.5,0.7419235476693637,0.09041894149363311,0.10325657192688478
2.6,0.741840036217357,0.0904412262583565,0.10253104666095328
2.7,0.7417478873873852,0.09046582009470591,0.10178035486647301
2.8000000000000003,0.7416462059876182,0.09049296323163239,0.101004869054782
2.9000000000000004,0.7415339992576533,0.09052292227257223,0.10020497470961195
3.0,0.741410166400474,0.09055599306830975,0.09938107020982562
3.1,0.7412734869965044,0.0905925039062701,0.09853356675808632
3.2,0.7411226081899438,0.0906328190496028,0.09766288831661517
3.3000000000000003,0.7409560305287776,0.09067734266265182,0.09676947155126515
3.4000000000000004,0.7407720923309749,0.0907265231628553,0.09585376578522241
3.5,0.7405689524405359,0.09078085804277847,0.09491623296372347
3.6,0.7403445712285247,0.0908408992098272,0.09395734763125932
3.7,0.7400966896863141,0.09090725889518272,0.09297759692281898
3.8000000000000003,0.7398228064514062,0.09098061618758485,0.09197748057080485
3.9000000000000004,0.7395201526008935,0.09106172425169588,0.09095751092933149
4.0,0.7391856640445901,0.09115141829478261,0.0899182130176925
4.1000000000000005,0.7388159513498992,0.09125062434921721,0.08886012458484756
4.2,0.738407266834678,0.09136036894160979,0.0877837961968411
4.3,0.7379554687739672,0.09148178972198195,0.08668979134910718
4.4,0.7374559825830656,0.09161614712791796,0.0855786866056456
4.5,0.7369037588649302,0.09176483715863333,0.08445107176705882
4.6000000000000005,0.736293228246529,0.09192940533179297,0.08330755006941767
4.7,0.735618252979252,0.0921115618909429,0.08214873841586572
4.800000000000001,0.7348720753459022,0.09231319832264606,0.0809752676427671
4.9,0.7340472630047505,0.09253640522864004,0.07978778282204527
5.0,0.7331356515136956,0.09278349157808577,0.078586943601129
5.1000000000000005,0.7321282844192534,0.09305700533642174,0.07737342458160994
5.2,0.7310153514707906,0.09335975542824981,0.07614791573729829
5.300000000000001,0.7297861257352104,0.09369483493937403,0.07491112287182161
5.4,0.7284289006463206,0.09406564539440201,0.07366376811521956
5.5,0.7269309283310575,0.09447592185750045,0.0724065904581158
5.6000000000000005,0.7252783609154762,0.09492975849074667,0.07114034632096272
5.7,0.7234561969291624,0.09543163406241092,0.0698658101545187
5.800000000000001,0.7214482353971912,0.09598643672155796,0.06858377506608533
5.9,0.7192370407299243,0.09659948714079504,0.0672950534640665
6.0,0.7168039220835496,0.09727655887167583,0.06600047771104771
6.1000000000000005,0.7141289314521715,0.09802389445450155,0.06470090077280502
6.2,0.7111908853404237,0.09884821547597258,0.06339719684737535
6.300000000000001,0.7079674154181127,0.09975672437846567,0.062090261954527784
6.4,0.7044350540267763,0.10075709540399808,0.06078101446164278
6.5,0.7005693607296452,0.10185745162326229,0.059470395517137606
6.6000000000000005,0.6963450961943606,0.1030663245859898,0.05815936935721291
6.7,0.6917364494817227,0.1043925927781201,0.056848923445928345
6.800000000000001,0.6867173241838108,0.10584539484511588,0.05554006840260817
6.9,0.681261687707899,0.10743401351812651,0.0542338376645804
7.0,0.6753439862425425,0.10916772645557786,0.05293128682761974
7.1000000000000005,0.6689396254940689,0.11105562089332136,0.05163349260167548
7.2,0.6620255141096704,0.11310637018902112,0.05034155131612136
7.300000000000001,0.6545806628313403,0.11532797214338991,0.049056576907590126
7.4,0.6465868279578095,0.117727451437415,0.047779698325270514
7.5,0.6380291828328223,0.12031053163162041,0.0465120562942041
7.6000000000000005,0.6288969961395379,0.12308128582818084,0.04525479938744817
7.7,0.6191842911798731,0.12604177907885772,0.04400907937363289
7.800000000000001,0.6088904565554786,0.1291917195803353,0.04277604582782166
7.9,0.598020776286515,0.13252813916073247,0.041556840020628934
8.0,0.5865868469263332,0.1360451259693544,0.04035258813264259
8.1,0.5746068510750204,0.13973363306307474,0.039164393877052395
8.200000000000001,0.562105661099078,0.14358138524518826,0.03799333065102865
8.3,0.5491147538080526,0.1475729027557387,0.03684043337323427
8.4,0.535671925999515,0.15168965422888905,0.03570669019786521
8.5,0.5218208115345981,0.1559103430740687,0.03459303432163795
8.6,0.5076102120647485,0.16021132181781556,0.03350033611624983
8.700000000000001,0.49309326465615305,0.1645671189701788,0.03242939582273589
8.8,0.47832647928801864,0.16895105381415226,0.03138093703453057
8.9,0.46336868659537284,0.1733359072862751,0.030355601172848298
9.0,0.4482799406045084,0.1776946127212864,0.029353943122479038
9.1,0.43312042223755143,0.1820009291892326,0.0283764281507213
9.200000000000001,0.41794938709442886,0.18623006250726834,0.02742343018035065
9.3,0.40282419586542845,0.19035920434730683,0.026495231433169324
9.4,0.38779945837170837,0.1943679674034531,0.02559202340778438
9.5,0.37292631352216754,0.19823870333299026,0.024713909107409494
9.600000000000001,0.35825185829705297,0.20195669910355762,0.023860906393523052
9.700000000000001,0.3438187300294058,0.20551025554595903,0.023032952311024184
9.8,0.32966483840306976,0.20889065863620215,0.022229908210950382
9.9,0.3158232371627683,0.21209205890723654,0.021451565487729314
10.0,0.3023221207646259,0.21511127730047255,0.02069765174840427
10.100000000000001,0.2891849281167336,0.2179475568293947,0.019967837239801098
10.200000000000001,0.27643053404686735,0.22060227893202447,0.01926174137437173
10.3,0.2640735089610697,0.2230786617180598,0.01857893921453955
10.4,0.2521244280389864,0.22538145487614505,0.017918967796957768
10.5,0.24059021295171418,0.22751664317335868,0.017281332200567358
10.600000000000001,0.22947449120483115,0.22949116756602195,0.016665511284396656
10.700000000000001,0.2187779605603602,0.2313126701832417,0.01607096304169736
10.8,0.20849874838194107,0.2329892669976629,0.015497129535591856
10.9,0.19863275803323058,0.23452934994644825,0.014943441397529449
11.0,0.18917399654348763,0.23594141863741383,0.01440932188335924
11.100000000000001,0.18011487957994562,0.23723394055705893,0.013894190492752465
11.200000000000001,0.17144651130982103,0.23841523784868937,0.013397466166200451
11.3,0.16315893799562675,0.23949339819517812,0.012918570080113405
11.4,0.15524137516235653,0.24047620706226341,0.01245692806493088
11.5,0.14768240893074563,0.24137109847621638,0.012011972673924134
11.600000000000001,0.1404701726590349,0.24218512157131425,0.011583144931814322
11.700000000000001,0.1335925004097761,0.24292492030258195,0.011169895792719774
11.8,0.1270370589904829,0.24359672394081075,0.010771687336523322
11.9,0.12079146043696926,0.2442063462211412,0.010387993731727252
12.0,0.11484335684214862,0.24475919128201057,0.010018301991416229
12.100000000000001,0.10918051940318155,0.24526026479274654,0.009662112547223546
12.200000000000001,0.10379090348464785,0.24571418891533006,0.00931893966430965
12.3,0.09866270138982654,0.24612521997262063,0.008988311718405473
12.4,0.09378438440797393,0.24649726789838852,0.008669771354015343
12.5,0.08914473557175025,0.24683391672274466,0.008362875540966349
12.600000000000001,0.08473287442242067,0.24713844550041147,0.008067195544667905
12.700000000000001,0.08053827494603867,0.24741384922010518,0.007782316823731245
12.8,0.07655077771489682,0.24766285934305504,0.0075078388670069005
12.9,0.07276059714731861,0.24788796370959176,0.007243374980636627
13.0,0.06915832468667851,0.2480914256271107,0.006988552034385229
13.100000000000001,0.06573492859801425,0.24827530201280693,0.006743010175315705
13.200000000000001,0.06248175098788472,0.24844146051250826,0.0065064025157922185
13.3,0.059390502570026246,0.24859159555461974,0.006278394801832819
13.4,0.056453255625436904,0.24872724332736196,0.006058665066979572
13.5,0.05366243554018976,0.2488497956896318,0.00584690327609896
13.600000000000001,0.05101081124687376,0.24896051304223737,0.00564281096286144
13.700000000000001,0.0484914848453845,0.2490605361980579,0.0054461008640671075
13.8,0.04609788063512856,0.24915089729778903,0.005256496553476461
13.9,0.043823733752879755,0.24923252982312025,0.005073732077363014
14.0,0.04166307857788364,0.24930627776210607,0.004897551593621151
14.100000000000001,0.03961023703774173,0.24937290398264889,0.00472770901593107
14.200000000000001,0.037659806924564526,0.24943309786984733,0.004563967664196999
14.3,0.03580665031035673,0.2494874822818141,0.004406099922229394
14.4,0.034045882133136786,0.24953661987671463,0.004253886903431812
14.5,0.03237285901048898,0.24958101886143344,0.0041071181250737845
14.600000000000001,0.03078316832474294,0.24962113820961673,0.003965591191578651
14.700000000000001,0.02927261761345367,0.24965739239399465,0.0038291114871263003
14.8,0.027837224290038744,0.24969015567495942,0.0036974918777619385
14.9,0.026473205712073837,0.24971976598444226,0.0035705524231108106
15.0,0.02517696960864268,0.24974652844125003,0.003448120097722656
15.100000000000001,0.023945104873098484,0.24977071853123006,0.0033300285220066524
15.200000000000001,0.02277437272346213,0.24979258498296084,0.003216117702665681
15.3,0.0216616982293207,0.24981235236713156,0.003106233782496554
15.4,0.02060416220138014,0.2498302234453906,0.0030002287993887654
15.5,0.01959899343766607,0.24984638129221054,0.002897960454327313
15.600000000000001,0.018643561318670312,0.24986099121124478,0.002799291888184103
15.700000000000001,0.01773536874243299,0.24987420246572606,0.0027040914670664307
15.8,0.016872045389566992,0.24988614984068566,0.002612232575979325
15.9,0.016051341307519604,0.2498969550531385,0.002523593420550448
16.0,0.015271120802878435,0.2499067280248827,0.0024380568365611494
16.1,0.014529356630226411,0.2499155680311928,0.0023555101070247145
16.2,0.013824124465900358,0.24992356473743307,0.00227584478655241
16.3,0.013153597654981312,0.24993079913447788,0.0021989565327491635
16.400000000000002,0.012516042219918526,0.24993734438278645,0.002124744944383456
16.5,0.011909812119342986,0.24994326657403557,0.0020531134060797667
16.6,0.011333344745843648,0.2499486254183571,0.00198396893928674
16.7,0.01078515665174606,0.24995347486444897,0.0019172220592796746
16.8,0.010263839492237034,0.2499578636591239,0.0018527866379619722
16.900000000000002,0.009768056175510817,0.24996183585222229,0.0017905797722366768
17.0,0.009296537209963304,0.24996543125223852,0.0017305216577259567
17.1,0.008848077238825046,0.24996868583748724,0.001672535467623374
17.2,0.008421531752995164,0.24997163212716492,0.0016165472364708725
17.3,0.008015813973212431,0.24997429951623537,0.0015624857486595477
17.400000000000002,0.007629891893073344,0.24997671457768306,0.0015102824314604255
17.5,0.007262785474776518,0.24997890133533038,0.0014598712523985421
17.6,0.006913563989836367,0.24998088151010103,0.0014111886207906499
17.7,0.006581343497364745,0.24998267474232982,0.0013641732932737536
17.8,0.006265284452865538,0.24998429879246187,0.00131876628315842
17.900000000000002,0.005964589440823289,0.24998576972225597,0.0012749107734474152
18.0,0.005678501024691839,0.24998710205839786,0.001232552033366615
18.1,0.00540629970820233,0.24998830894024213,0.0011916373382613703
18.2,0.005147302002211303,0.2499894022532332,0.0011521158927175587
18.3,0.00490085859159891,0.2499903927494029,0.0011139387567723632
18.400000000000002,0.004666352597004535,0.24999129015620494,0.0010770587750854816
18.5,0.004443197926452232,0.2499921032748239,0.001041430508946896
18.6,0.0042308377121717845,0.2499928400689832,0.0010070101710025641
18.7,0.004028742828162878,0.2499935077451774,0.0009737555625844398
18.8,0.0038364104842802437,0.24999411282516262,0.0009416260135360645
18.900000000000002,0.0036533628928370468,0.2499946612114581,0.0009105823244296281
19.0,0.003479146003932468,0.24999515824653692,0.0008805867110748459
19.1,0.0033133283059078745,0.24999560876631885,0.0008516027512242989
19.200000000000003,0.003155499687524529,0.2499960171485179,0.000823595333383962
19.3,0.0030052703586347877,0.24999638735634275,0.000796530607641592
19.400000000000002,0.0028622698262886948,0.24999672297800032,0.0007703759384293998
19.5,0.0027261459233790747,0.24999702726240833,0.0007450998591410398
19.6,0.0025965638870811014,0.24999730315148344,0.0007206720285263843
19.700000000000003,0.002473205484487295,0.2499975533093355,0.0006970631887908651
19.8,0.0023557681829762334,0.24999778014866694,0.0006742451253293014
19.900000000000002,0.0022439643629834586,0.24999798585464605,0.0006521906280271587
20.0,0.0021375205709663623,0.2499981724064986,0.0006308734540650628
20.1,0.0020361768104716184,0.2499983415970365,0.0006102682921651491
20.200000000000003,0.0019396858693243625,0.24999849505032243,0.0005903507282204663
20.3,0.0018478126810630327,0.24999863423764992,0.0005710972122511607
20.400000000000002,0.0017603337188429543,0.24999876049199982,0.0005524850266335889
20.5,0.0016770364201256361,0.24999887502112023,0.0005344922555507942
20.6,0.001597718640559603,0.24999897891936151,0.0005170977556149831
20.700000000000003,0.001522188135542722,0.24999907317838577,0.0005002811276147438
20.8,0.0014502620680355957,0.24999915869685835,0.0004840226893417463
20.900000000000002,0.0013817665412709777,0.24999923628921922,0.0004683034494535901
21.0,0.0013165361550754905,0.2499993066936218,0.00045310508233129497
21.1,0.0012544135845874542,0.24999937057911872,0.0004384099038916789
21.200000000000003,0.0011952491802185426,0.24999942855216709,0.00042420084831654853
21.3,0.0011389005877674768,0.24999948116251697,0.00041046144566222136
21.400000000000002,0.0010852323876512186,0.24999952890854332,0.0003971758003144319
21.5,0.001034115752273334,0.2499995722420731,0.0003843285702551351
21.6,0.000985428120600491,0.24999961157275624,0.0003719049471091176
21.700000000000003,0.0009390528890666302,0.24999964727202412,0.0003598906369396651
21.8,0.0008948791179703159,0.24999967967667394,0.0003482718417638103
21.900000000000002,0.0008528012525743043,0.24999970909211522,0.000337035241758907
22.0,0.0008127188581575737,0.2499997357953103,0.0003261679781334504
22.1,0.0007745363683090756,0.24999976003743762,0.00031565763663616913
22.200000000000003,0.0007381628457894116,0.2499997820463046,0.000305492231678497
22.3,0.0007035117553216187,0.24999980202853303,0.00029566019104654474
22.400000000000002,0.0006705007477053749,0.24999982017153935,0.00028615034117967397
22.5,0.00063905145468031,0.24999983664532868,0.0002769518929937136
22.6,0.0006090892939938112,0.2499998516041203,0.0002680544282277478
22.700000000000003,0.000580543284156866,0.2499998651878208,0.00025944788629427023
22.8,0.0005533458683981278,0.24999987752335873,0.00025112255161331085
22.900000000000002,0.0005274327473516498,0.2499998887258943,0.00024306904141193334
23.0,0.0005027427200376497,0.24999989889991575,0.0002352782939712488
23.1,0.0004792175327183258,0.24999990814023307,0.0002277415573038115
23.200000000000003,0.0004568017352322283,0.2499999165328786,0.0002204503782449535
23.3,0.0004354425444310179,0.2499999241559234,0.0002133965919422706
23.400000000000002,0.00041508971436174033,0.24999993108021756,0.00020657231172810795
23.5,0.000395695412856001,0.24999993737006102,0.00019996991936049643
23.6,0.0003772141042047479,0.24999994308381188,0.00019358205561857016
23.700000000000003,0.0003596024376137768,0.24999994827443808,0.00018740161123905304
23.8,0.0003428191411506287,0.24999995299001737,0.00018142171818093144
23.900000000000002,0.00032682492090829713,0.2499999572741907,0.00017563574120594216
24.0,0.0003115823651251366,0.24999996116657378,0.00017003726976299195
24.1,0.00029705585301361776,0.24999996470312963,0.0001646201101650943
24.200000000000003,0.00028321146806314034,0.24999996791650703,0.00015937827804785636
24.3,0.0002700169155940243,0.24999997083634717,0.00015430599109898045
24.400000000000002,0.00025744144435109934,0.249999973489562,0.00014939766204865665
24.5,0.00024545577193602514,0.24999997590058634,0.0001446478919111186
24.6,0.00023403201388763162,0.2499999780916072,0.00014005146346801313
24.700000000000003,0.00022314361622920775,0.2499999800827711,0.00013560333498459888
24.8,0.00021276529131080346,0.24999998189237274,0.000131298634150138
24.900000000000002,0.00020287295678327985,0.24999998353702568,0.00012713265223417795
25.0,0.00019344367754906653,0.24999998503181772,0.0001231008384507444
25.1,0.00018445561054238494,0.24999998639045132,0.00011919879452277032
25.200000000000003,0.00017588795219910033,0.2499999876253715,0.00011542226943938607
25.3,0.00016772088848338493,0.2499999887478816,0.00011176715439897443
25.400000000000002,0.00015993554734504005,0.24999998976824842,0.00010822947793117089
25.5,0.0001525139534876476,0.2499999906957977,0.00010480540119124685
25.6,0.0001454389853337201,0.2499999915390007,0.00010149121342056694
25.700000000000003,0.00013869433407871486,0.24999999230555275,9.828332756705057e-05
25.8,0.00013226446473118032,0.2499999930024446,9.517827605979963e-05
25.900000000000002,0.00012613457904143331,0.24999999363602723,9.217270673227563e-05
26.0,0.00012029058022603481,0.2499999942120706,8.926337888862313e-05
26.1,0.00011471903939995209,0.24999999473581683,8.644715950793986e-05
26.200000000000003,0.00010940716363268491,0.24999999521202904,8.372101958149161e-05
26.3,0.0001043427655487965,0.24999999564503494,8.108203057805747e-05
26.400000000000002,9.95142343972453e-05,0.24999999603876688,7.85273610327728e-05
26.5,9.491050851766894e-05,0.24999999639679818,7.605427325501172e-05
26.6,9.052104913533523e-05,0.24999999672237586,7.366012015101695e-05
26.700000000000003,8.633581541986156e-05,0.2499999970184508,7.134234215714717e-05
26.8,8.234524074601836e-05,0.24999999728770453,6.909846427976507e-05
26.900000000000002,7.85402100979846e-05,0.24999999753257415,6.692609323793823e-05
27.0,7.491203856132359e-05,0.2499999977552746,6.482291470526795e-05
27.1,7.145245084970008e-05,0.2499999979578189,6.278669064729716e-05
27.200000000000003,6.815356181597567e-05,0.2499999981420368,6.0815256751081434e-05
27.3,6.500785789980372e-05,0.24999999830959135,5.890651994363307e-05
27.400000000000002,6.200817946620468e-05,0.24999999846199428,5.705845599606986e-05
27.5,5.914770399184472e-05,0.24999999860061964,5.526910721041786e-05
27.6,5.6419930057870166e-05,0.2499999987267166,5.353658018612941e-05
27.700000000000003,5.381866211017331e-05,0.24999999884142066,5.1859043663486136e-05
27.8,5.133799594988792e-05,0.24999999894576408,5.023472644116052e-05
27.900000000000002,4.897230491873872e-05,0.24999999904068534,4.866191536531011e-05
28.0,4.6716226745605085e-05,0.24999999912703766,4.713895338767434e-05
28.1,4.456465102230769e-05,0.24999999920559676,4.566423769023649e-05
28.200000000000003,4.251270727819471e-05,0.2499999992770679,4.423621787410279e-05
28.3,4.0555753624592467e-05,0.24999999934209233,4.285339421033569e-05
28.400000000000002,3.868936594160147e-05,0.2499999994012532,4.1514315950561676e-05
28.5,3.6909327581063555e-05,0.2499999994550806,4.0217579695252106e-05
28.6,3.521161956080401e-05,0.24999999950405674,3.8961827817653024e-05
28.700000000000003,3.359241122646831e-05,0.24999999954861996,3.774574694141273e-05
28.8,3.204805135842731e-05,0.24999999958916896,3.656806647002631e-05
28.900000000000002,3.05750597023234e-05,0.24999999962606628,3.542755716628511e-05
29.0,2.91701189028731e-05,0.24999999965964168,3.4323029779984e-05
29.1,2.7830066821534213e-05,0.24999999969019496,3.325333372220218e-05
29.200000000000003,2.6551889219588672e-05,0.24999999971799888,3.2217355784534585e-05
29.3,2.5332712789088865e-05,0.24999999974330148,3.12140189017086e-05
29.400000000000002,2.4169798514968027e-05,0.24999999976632833,3.0242280956077393e-05
29.5,2.3060535352425767e-05,0.24999999978728468,2.9301133622535274e-05
29.6,2.200243420447055e-05,0.24999999980635715,2.8389601252452423e-05
29.700000000000003,2.0993122185234014e-05,0.24999999982371554,2.7506739795276563e-05
29.8,2.0030337155368768e-05,0.24999999983951424,2.6651635756497617e-05
29.900000000000002,1.9111922516504204e-05,0.24999999985389376,2.582340519071754e-05
30.0,1.8235822252365e-05,0.2499999998669819,2.5021192728612847e-05
30.1,1.7400076204756497e-05,0.24999999987889493,2.4244170636619933e-05
30.200000000000003,1.6602815573191052e-05,0.24999999988973862,2.349153790821529e-05
30.3,1.5842258627471762e-05,0.24999999989960914,2.276251938570254e-05
30.400000000000002,1.5116706623065562e-05,0.24999999990859406,2.2056364911456775e-05
30.5,1.4424539909588191e-05,0.24999999991677305,2.1372348507613994e-05
30.6,1.3764214223190077e-05,0.24999999992421856,2.0709767583229007e-05
30.700000000000003,1.3134257154076003e-05,0.2499999999309965,2.0067942167959823e-05
30.8,1.2533264780813516e-05,0.2499999999371669,1.9446214171369648e-05
30.900000000000002,1.1959898463486723e-05,0.24999999994278432,1.884394666696979e-05
31.0,1.1412881788134105e-05,0.24999999994789845,1.8260523200157404e-05
31.1,1.0890997655272484e-05,0.24999999995255448,1.7695347119231937e-05
31.200000000000003,1.0393085505655055e-05,0.2499999999567935,1.7147840928702653e-05
31.3,9.918038676740446e-06,0.249999999960653,1.6617445664127293e-05
31.400000000000002,9.464801883662712e-06,0.249999999964167,1.610362028774852e-05
31.5,9.032368818790134e-06,0.24999999996736652,1.560584110422048e-05
31.6,8.619779864243975e-06,0.24999999997027975,1.5123601195742431e-05
31.700000000000003,8.226119912018122e-06,0.24999999997293237,1.4656409875940403e-05
31.8,7.850516286597083e-06,0.24999999997534775,1.4203792161860672e-05
31.900000000000002,7.4921367652140606e-06,0.24999999997754715,1.3765288263461037e-05
32.0,7.15018769112316e-06,0.24999999997954991,1.3340453090007295e-05
32.1,6.823912175480998e-06,0.24999999998137368,1.2928855772802845e-05
32.2,6.512588383643401e-06,0.2499999999830345,1.2530079203699186e-05
32.300000000000004,6.215527901883232e-06,0.2499999999845469,1.2143719588854297e-05
32.4,5.932074180726013e-06,0.2499999999859242,1.1769386017224276e-05
32.5,5.661601051281459e-06,0.2499999999871785,1.140670004329146e-05
32.6,5.403511311121799e-06,0.24999999998832081,1.1055295283549412e-05
32.7,5.157235376422078e-06,0.24999999998936118,1.0714817026281688e-05
32.800000000000004,4.922229997234165e-06,0.24999999999030867,1.0384921854187305e-05
32.9,4.697977032915158e-06,0.24999999999117162,1.0065277279421221e-05
33.0,4.4839822848726086e-06,0.24999999999195757,9.755561390633003e-06
33.1,4.2797743839240325e-06,0.24999999999267342,9.455462511601174e-06
33.2,4.084903729696624e-06,0.24999999999332542,9.164678871074555e-06
33.300000000000004,3.898941479615448e-06,0.2499999999939193,8.882918283445302e-06
33.4,3.7214785851448113e-06,0.24999999999446024,8.60989783989113e-06
33.5,3.5521248730584425e-06,0.24999999999495295,8.345343609636689e-06
33.6,3.390508169619616e-06,0.2499999999954018,8.088990350996002e-06
33.7,3.236273465652899e-06,0.2499999999958106,7.840581231869488e-06
33.800000000000004,3.0890821205848874e-06,0.24999999999618303,7.599867559380104e-06
33.9,2.9486111036224114e-06,0.24999999999652228,7.3666085183441085e-06
34.0,2.814552270323448e-06,0.2499999999968313,7.14057091828212e-06
34.1,2.686611672898605e-06,0.24999999999711284,6.921528948686328e-06
34.2,2.564508902659694e-06,0.24999999999736933,6.709263942269274e-06
34.300000000000004,2.4479764631068193e-06,0.24999999999760297,6.5035641459290195e-06
34.4,2.3367591722167705e-06,0.24999999999781583,6.304224499174489e-06
34.5,2.2306135925633972e-06,0.24999999999800976,6.111046419763458e-06
34.6,2.1293074879653866e-06,0.24999999999818642,5.923837596314127e-06
34.7,2.0326193054184354e-06,0.24999999999834738,5.7424117876591695e-06
34.800000000000004,1.940337681127513e-06,0.24999999999849404,5.5665886287191505e-06
34.9,1.8522609695107812e-06,0.24999999999862765,5.396193442679564e-06
35.0,1.7681967940999688e-06,0.2499999999987494,5.2310570592632e-06
35.1,1.687961619312687e-06,0.2499999999988603,5.071015638896438e-06
35.2,1.6113803421204633e-06,0.2499999999989614,4.915910502574955e-06
35.300000000000004,1.5382859026822487e-06,0.24999999999905348,4.765587967240829e-06
35.4,1.4685189130569715e-06,0.24999999999913738,4.619899186489398e-06
35.5,1.401927303150427e-06,0.24999999999921385,4.478699996430284e-06
35.6,1.3383659830915468e-06,0.24999999999928352,4.341850766532957e-06
35.7,1.2776965212709407e-06,0.249999999999347,4.209216255292865e-06
35.800000000000004,1.219786837310682e-06,0.24999999999940484,4.0806654705596805e-06
35.9,1.164510909268658e-06,0.24999999999945757,3.956071534374503e-06
36.0,1.1117484944135365e-06,0.24999999999950562,3.835311552168026e-06
36.1,1.0613848629375815e-06,0.2499999999995494,3.7182664861765935e-06
36.2,1.013310544004257e-06,0.24999999999958927,3.6048210329378648e-06
36.300000000000004,9.674210835558503e-07,0.24999999999962563,3.4948635047324594e-06
36.4,9.236168133333196e-07,0.24999999999965877,3.38828571484236e-06
36.5,8.818026305862424e-07,0.24999999999968897,3.2849828665012082e-06
36.6,8.418877879752329e-07,0.24999999999971648,3.1848534454157862e-06
36.7,8.037856931924947e-07,0.24999999999974157,3.0877991157419667e-06
36.800000000000004,7.674137178484109e-07,0.24999999999976444,2.993724619402337e-06
36.9,7.326930151932282e-07,0.24999999999978526,2.90253767863644e-06
37.0,6.995483462630708e-07,0.24999999999980424,2.814148901678189e-06
37.1,6.679079140587374e-07,0.24999999999982156,2.728471691458541e-06
37.2,6.377032053840451e-07,0.24999999999983732,2.645422157234873e-06
37.300000000000004,6.088688399879397e-07,0.2499999999998517,2.5649190290517813e-06
37.4,5.813424266712193e-07,0.2499999999998648,2.4868835749411927e-06
37.5,5.550644260345642e-07,0.24999999999987677,2.4112395207727025e-06
37.6,5.29978019559669e-07,0.24999999999988765,2.337912972668046e-06
37.7,5.060289847296599e-07,0.24999999999989758,2.266832341896393e-06
37.800000000000004,4.831655759087007e-07,0.24999999999990663,2.197928272169975e-06
37.9,4.613384107137541e-07,0.24999999999991487,2.131133569262174e-06
38.0,4.4050036162392346e-07,0.2499999999999224,2.066383132872766e-06
38.1,4.206064525846742e-07,0.24999999999992922,2.0036138906675377e-06
38.2,4.0161376037554004e-07,0.2499999999999355,1.942764734421844e-06
38.300000000000004,3.834813205207096e-07,0.24999999999994119,1.8837764582000245e-06
38.400000000000006,3.661700375321608e-07,0.24999999999994638,1.8265916985048324e-06
38.5,3.496425992848074e-07,0.2499999999999511,1.7711548763331868e-06
38.6,3.338633953324571e-07,0.24999999999995542,1.7174121410766594e-06
38.7,3.1879843898228047e-07,0.24999999999995934,1.6653113162071334e-06
38.800000000000004,3.0441529295396926e-07,0.24999999999996295,1.614801846690015e-06
38.900000000000006,2.906829984578485e-07,0.2499999999999662,1.5658347480692775e-06
39.0,2.77572007533913e-07,0.2499999999999692,1.5183625571704471e-06
39.1,2.650541185011036e-07,0.2499999999999719,1.4723392843693966e-06
39.2,2.531024143731411e-07,0.24999999999997438,1.4277203673765252e-06
39.300000000000004,2.416912041039085e-07,0.24999999999997663,1.3844626264875509e-06
39.400000000000006,2.3079596653173884e-07,0.24999999999997868,1.3425242212537382e-06
39.5,2.203932968980246e-07,0.24999999999998057,1.3018646085259214e-06
39.6,2.1046085582135406e-07,0.2499999999999823,1.262444501828184e-06
39.7,2.0097732061388566e-07,0.24999999999998385,1.2242258320184824e-06
39.800000000000004,1.919223388319296e-07,0.24999999999998526,1.1871717091949053e-06
39.900000000000006,1.8327648395771436e-07,0.24999999999998657,1.1512463858076005e-06
40.0,1.7502121311409094e-07,0.24999999999998776,1.1164152209377097e-06
40.1,1.6713882671848223e-07,0.24999999999998881,1.082644645705901e-06
40.2,1.5961242998672423e-07,0.2499999999999898,1.0499021297743172e-06
40.300000000000004,1.5242589620158496e-07,0.2499999999999907,1.0181561489069258e-06
40.400000000000006,1.4556383166469274e-07,0.24999999999999153,9.873761535543988e-07
40.5,1.3901154225436742e-07,0.24999999999999228,9.575325384307482e-07
40.6,1.3275500151543456e-07,0.24999999999999295,9.285966130500114e-07
40.7,1.2678082021052346e-07,0.24999999999999356,9.005405731923049e-07
40.800000000000004,1.2107621726560895e-07,0.24999999999999414,8.733374732695612e-07
40.900000000000006,1.1562899204566781e-07,0.24999999999999464,8.469611995622255e-07
41.0,1.1042749789928416e-07,0.24999999999999512,8.213864442991209e-07
41.1,1.0546061691386472e-07,0.24999999999999556,7.965886805535876e-07
41.2,1.0071773582582116e-07,0.24999999999999595,7.725441379298721e-07
41.300000000000004,9.618872303264572e-08,0.2499999999999963,7.492297790145899e-07
41.400000000000006,9.186390665625788e-08,0.2499999999999966,7.266232765688866e-07
41.5,8.773405360933651e-08,0.24999999999999692,7.047029914377226e-07
41.6,8.37903496185805e-08,0.2499999999999972,6.834479511534581e-07
41.7,8.002438016096607e-08,0.24999999999999745,6.628378292116592e-07
41.800000000000004,7.642811227109506e-08,0.24999999999999767,6.428529249977484e-07
41.900000000000006,7.299387717966187e-08,0.24999999999999786,6.234741443438228e-07
42.0,6.971435374490868e-08,0.24999999999999806,6.046829806956205e-07
42.1,6.65825526406969e-08,0.24999999999999822,5.864614968702637e-07
42.2,6.359180126649866e-08,0.2499999999999984,5.687923073860317e-07
42.300000000000004,6.073572934621028e-08,0.24999999999999853,5.516585613460182e-07
42.400000000000006,5.8008255184214655e-08,0.24999999999999867,5.350439258581091e-07
42.5,5.5403572548572895e-08,0.24999999999999878,5.189325699742846e-07
42.6,5.291613815261248e-08,0.2499999999999989,5.033091491327935e-07
42.7,5.054065970750135e-08,0.24999999999999897,4.881587900872759e-07
42.800000000000004,4.827208451965872e-08,0.24999999999999906,4.734670763074198e-07
42.900000000000006,4.610558860805635e-08,0.24999999999999914,4.5922003383623515e-07
43.0,4.4036566317611256e-08,0.24999999999999922,4.454041175895024e-07
43.1,4.206062040596518e-08,0.2499999999999993,4.320061980834179e-07
43.2,4.0173552581989796e-08,0.24999999999999936,4.1901354857690837e-07
43.300000000000004,3.8371354475352164e-08,0.24999999999999942,4.0641383261551023e-07
43.400000000000006,3.665019901742455e-08,0.24999999999999947,3.941950919641434e-07
43.5,3.500643221472825e-08,0.2499999999999995,3.823457349164988e-07
43.6,3.3436565296965126e-08,0.24999999999999956,3.70854524969163e-07
43.7,3.1937267222514436e-08,0.24999999999999958,3.597105698489771e-07
43.800000000000004,3.050535752505861e-08,0.24999999999999964,3.4890331088249414e-07
43.900000000000006,2.9137799485751463e-08,0.24999999999999967,3.3842251269675754e-07
44.0,2.7831693616057222e-08,0.2499999999999997,3.282582532409642e-07
44.1,2.6584271437071398e-08,0.24999999999999972,3.1840091411890895e-07
44.2,2.539288954178488e-08,0.24999999999999975,3.088411712224318e-07
44.300000000000004,2.425502392737367e-08,0.24999999999999978,2.995699856563957e-07
44.400000000000006,2.3168264585188803e-08,0.24999999999999978,2.90578594946029e-07
44.5,2.213031033668581e-08,0.2499999999999998,2.81858504517756e-07
44.6,2.113896390407222e-08,0.24999999999999983,2.734014794449217e-07
44.7,2.0192127204965424e-08,0.24999999999999983,2.6519953645009e-07
44.800000000000004,1.9287796860843874e-08,0.24999999999999986,2.5724493615585994e-07
44.900000000000006,1.8424059909542357e-08,0.24999999999999986,2.4953017557639844e-07
45.0,1.759908971248847e-08,0.2499999999999999,2.420479808421386e-07
45.1,1.6811142047803283e-08,0.2499999999999999,2.3479130015032903e-07
45.2,1.6058551380795385e-08,0.2499999999999999,2.2775329693435482e-07
45.300000000000004,1.5339727303765063e-08,0.24999999999999992,2.2092734324497255e-07
45.400000000000006,1.4653151137405252e-08,0.24999999999999992,2.143070133368208e-07
45.5,1.399737268643851e-08,0.24999999999999992,2.0788607745377794e-07
45.6,1.3371007142465975e-08,0.24999999999999992,2.016584958069408e-07
45.7,1.2772732127325334e-08,0.24999999999999994,1.9561841273919778e-07
45.800000000000004,1.22012848705612e-08,0.24999999999999994,1.897601510705574e-07
45.900000000000006,1.1655459514903581e-08,0.24999999999999994,1.84078206618581e-07
46.0,1.1134104543929143e-08,0.24999999999999994,1.785672428884449e-07
46.1,1.0636120326345901e-08,0.24999999999999994,1.732220859273308e-07
46.2,1.016045677159602e-08,0.24999999999999997,1.680377193380118e-07
46.300000000000004,9.706111091713543e-09,0.24999999999999997,1.6300927944666166e-07
46.400000000000006,9.272125664605084e-09,0.24999999999999997,1.5813205062007335e-07
46.5,8.857585994142073e-09,0.24999999999999997,1.5340146072762413e-07
46.6,8.461618762663505e-09,0.24999999999999997,1.4881307674347145e-07
46.7,8.083389971689046e-09,0.24999999999999997,1.4436260048460696e-07
46.800000000000004,7.722103166833882e-09,0.24999999999999997,1.4004586448053253e-07
46.900000000000006,7.376997743099523e-09,0.24999999999999997,1.3585882797045704e-07
47.0,7.0473473268893025e-09,0.24999999999999997,1.3179757302404066e-07
47.1,6.732458231263652e-09,0.24999999999999997,1.2785830078183924e-07
47.2,6.431667981109208e-09,0.24999999999999997,1.2403732781172171e-07
47.300000000000004,6.1443439050472955e-09,0.24999999999999997,1.2033108257765177e-07
47.400000000000006,5.8698817910520285e-09,0.25,1.167361020173368e-07
47.5,5.6077046028862604e-09,0.25,1.1324902822535914e-07
47.6,5.357261254595358e-09,0.25,1.0986660523850892e-07
47.7,5.118025440424452e-09,0.25,1.0658567592014277e-07
47.800000000000004,4.8894945176447555e-09,0.25,1.0340317894049033e-07
47.900000000000006,4.6711884398890345e-09,0.25,1.0031614584992916e-07
48.0,4.462648738705511e-09,0.25,9.73216982423403e-08
48.1,4.263437551143747e-09,0.25,9.44170450057488e-08
48.2,4.073136691285539e-09,0.25,9.159947965753981e-08
48.300000000000004,3.891346763728771e-09,0.25,8.886637776162693e-08
48.400000000000006,3.7176863171228036e-09,0.25,8.621519442503086e-08
48.5,3.55179103594042e-09,0.25,8.364346187140625e-08
48.6,3.393312968753887e-09,0.25,8.114878708913197e-08
48.7,3.241919791361442e-09,0.25,7.872884955165419e-08
48.800000000000004,3.0972941031856605e-09,0.25,7.638139900784448e-08
48.900000000000006,2.9591327554369237e-09,0.25,7.410425334020417e-08
49.0,2.8271462096036444e-09,0.25,7.189529648881551e-08
49.1,2.701057924896246e-09,0.25,6.97524764390041e-08
49.2,2.580603773334275e-09,0.25,6.767380327074185e-08
49.300000000000004,2.4655314812255237e-09,0.25,6.565734726788095e-08
49.400000000000006,2.355600095842847e-09,0.25,6.370123708536836e-08
49.5,2.2505794761586027e-09,0.25,6.18036579726491e-08
49.6,2.150249806548341e-09,0.25,5.996285005152158e-08
49.7,2.054401132424823e-09,0.25,5.817710664676294e-08
49.800000000000004,1.9628329168105335e-09,0.25,5.644477266789458e-08
49.900000000000006,1.875353616901885e-09,0.25,5.4764243040508876e-08
50.0,1.7917802797212403e-09,0.25,5.313396118562726e-08
50.1,1.7119381559938818e-09,0.25,5.155241754560756e-08
50.2,1.6356603314261755e-09,0.25,5.001814815516452e-08
50.300000000000004,1.562787374598528e-09,0.25,4.852973325611219e-08
50.400000000000006,1.4931670007223868e-09,0.25,4.708579595448027e-08
50.5,1.426653750544551e-09,0.25,4.568500091869798e-08
50.6,1.363108683714547e-09,0.25,4.432605311758034e-08
50.7,1.3023990859618276e-09,0.25,4.300769659689043e-08
50.800000000000004,1.2443981894591326e-09,0.25,4.172871329328965e-08
50.900000000000006,1.1889849057766171e-09,0.25,4.0487921884524746e-08
51.0,1.136043570858301e-09,0.25,3.9284176674736354e-08
51.1,1.085463701478142e-09,0.25,3.811636651380805e-08
51.2,1.0371397626576029e-09,0.25,3.698341374970884e-08
51.300000000000004,9.909709455500355e-10,0.25,3.588427321281419e-08
51.400000000000006,9.468609553195938e-10,0.25,3.4817931231222395e-08
51.5,9.047178085637661e-10,0.25,3.3783404676113466e-08
51.6,8.644536398490066e-10,0.25,3.2779740036227205e-08
51.7,8.259845169484394e-10,0.25,3.18060125205659e-08
51.800000000000004,7.892302643891842e-10,0.25,3.0861325188454635e-08
51.900000000000006,7.541142949346119e-10,0.25,2.9944808106119106e-08
52.0,7.205634486437784e-10,0.25,2.905561752896689e-08
52.1,6.885078391664605e-10,0.25,2.8192935108783233e-08
52.2,6.578807069476589e-10,0.25,2.7355967125076918e-08
52.300000000000004,6.286182790301734e-10,0.25,2.6543943739835287e-08
52.400000000000006,6.006596351579308e-10,0.25,2.5756118274970546e-08
52.5,5.739465798961791e-10,0.25,2.4991766511761644e-08
52.6,5.484235204974882e-10,0.25,2.425018601161735e-08
52.7,5.240373502547412e-10,0.25,2.3530695457507313e-08
52.800000000000004,5.007373370939935e-10,0.25,2.2832634015427718e-08
52.900000000000006,4.784750171712311e-10,0.25,2.2155360715287892e-08
53.0,4.572040932477222e-10,0.25,2.1498253850623235e-08
53.1,4.3688033762882237e-10,0.25,2.0860710396557944e-08
53.2,4.1746149946080887e-10,0.25,2.0242145445459064e-08
53.300000000000004,3.9890721618958904e-10,0.25,1.9641991659740415e-08
53.400000000000006,3.8117892899398274e-10,0.25,1.9059698741291782e-08
53.5,3.642398020147288e-10,0.25,1.8494732917024787e-08
53.6,3.480546452084347e-10,0.25,1.7946576440042704e-08
53.7,3.3258984066339363e-10,0.25,1.7414727105956542e-08
53.800000000000004,3.178132722215476e-10,0.25,1.6898697783884408e-08
53.900000000000006,3.0369425825789923e-10,0.25,1.6398015961685534e-08
54.0,2.902034874753791e-10,0.25,1.591222330499408e-08
54.1,2.7731295757957755e-10,0.25,1.544087522963124e-08
54.2,2.649959167038639e-10,0.25,1.4983540486987103e-08
54.300000000000004,2.5322680746124985e-10,0.25,1.4539800761976363e-08
54.400000000000006,2.419812135049281e-10,0.25,1.4109250283184058e-08
54.5,2.312358084847372e-10,0.25,1.369149544482941e-08
54.6,2.2096830729188391e-10,0.25,1.3286154440187177e-08
54.7,2.1115741948910434e-10,0.25,1.2892856906117119e-08
54.800000000000004,2.017828048280776e-10,0.25,1.251124357836274e-08
54.900000000000006,1.9282503076032786e-10,0.25,1.2140965957291126e-08
55.0,1.8426553185207194e-10,0.25,1.1781685983755486e-08
55.1,1.7608657101750369e-10,0.25,1.1433075724772031e-08
55.2,1.682712024888546e-10,0.25,1.1094817068712144e-08
55.300000000000004,1.608032364452464e-10,0.25,1.0766601429719969e-08
55.400000000000006,1.5366720522586242e-10,0.25,1.0448129461074527e-08
55.5,1.4684833105631543e-10,0.25,1.0139110777224021e-08
55.6,1.4033249522028995e-10,0.25,9.839263684228302e-09
55.7,1.3410620861159441e-10,0.25,9.54831491835367e-09
55.800000000000004,1.2815658360467492e-10,0.25,9.265999392571908e-09
55.900000000000006,1.224713071844308e-10,0.25,8.992059950723135e-09
56.0,1.1703861527883144e-10,0.25,8.726247129109363e-09
56.1,1.1184726824037622e-10,0.25,8.46831892529284e-09
56.2,1.0688652742486467e-10,0.25,8.218040573880104e-09
56.300000000000004,1.0214613281826126e-10,0.25,7.975184329079476e-09
56.400000000000006,9.761628166465237e-11,0.25,7.739529253826109e-09
56.5,9.328760805040465e-11,0.25,7.510861015275072e-09
56.6,8.915116340165268e-11,0.25,7.2889716864690615e-09
56.7,8.519839785416993e-11,0.25,7.07365955399319e-09
56.800000000000004,8.142114245651685e-11,0.25,6.8647289314350696e-09
56.900000000000006,7.781159216911753e-11,0.25,6.66198997847399e-09
57.0,7.436228962359336e-11,0.25,6.4652585254283e-09
57.1,7.10661096082853e-11,0.25,6.274355903095398e-09
57.2,6.791624424742589e-11,0.25,6.089108777723757e-09
57.300000000000004,6.490618884288382e-11,0.25,5.909348990961307e-09
57.400000000000006,6.202972834879876e-11,0.25,5.734913404629263e-09
57.5,5.928092445075785e-11,0.25,5.565643750175107e-09
57.6,5.665410322243659e-11,0.25,5.401386482662866e-09
57.7,5.4143843333843725e-11,0.25,5.241992639163161e-09
57.800000000000004,5.174496478646898e-11,0.25,5.0873177014097216e-09
57.900000000000006,4.945251815174235e-11,0.25,4.9372214625931044e-09
58.0,4.7261774290271206e-11,0.25,4.791567898166287e-09
58.1,4.5168214530333305e-11,0.25,4.650225040540655e-09
58.2,4.31675212850688e-11,0.25,4.513064857554577e-09
58.300000000000004,4.125556908873664e-11,0.25,4.379963134600369e-09
58.400000000000006,3.9428416033281634e-11,0.25,4.250799360298894e-09
58.5,3.7682295587299184e-11,0.25,4.1254566156145e-09
58.6,3.601360878028814e-11,0.25,4.00382146630613e-09
58.7,3.4418916735849485e-11,0.25,3.885783858613756e-09
58.800000000000004,3.289493353822098e-11,0.25,3.771237018082232e-09
58.900000000000006,3.143851941723791e-11,0.25,3.6600773514277448e-09
59.0,3.004667423747823e-11,0.25,3.552204351354837e-09
59.1,2.8716531277988814e-11,0.25,3.447520504234835e-09
59.2,2.744535128959912e-11,0.25,3.345931200559205e-09
59.300000000000004,2.6230516817410644e-11,0.25,3.247344648083982e-09
59.400000000000006,2.506952677660693e-11,0.25,3.151671787583988e-09
59.5,2.395999127025984e-11,0.25,3.0588262111379893e-09
59.6,2.2899626638314968e-11,0.25,2.9687240828683803e-09
59.7,2.1886250727423892e-11,0.25,2.881284062061276e-09
59.800000000000004,2.0917778371753382e-11,0.25,2.7964272285951465e-09
59.900000000000006,1.999221707534385e-11,0.25,2.7140770106083197e-09
60.0,1.9107662887011436e-11,0.25,2.6341591143377896e-09
60.1,1.8262296459191265e-11,0.25,2.5566014560638126e-09
60.2,1.7454379282504632e-11,0.25,2.4813340960967727e-09
60.300000000000004,1.668225008820059e-11,0.25,2.4082891747447076e-09
60.400000000000006,1.5944321410973797e-11,0.25,2.337400850201782e-09
60.5,1.5239076304996078e-11,0.25,2.268605238299772e-09
60.6,1.456506520631959e-11,0.25,2.2018403540664063e-09
60.7,1.392090293511577e-11,0.25,2.1370460550361127e-09
60.800000000000004,1.3305265831506485e-11,0.25,2.074163986260343e-09
60.900000000000006,1.2716889019023267e-11,0.25,2.013137526966284e-09
61.0,1.2154563789997227e-11,0.25,1.953911738814288e-09
61.1,1.1617135107437076e-11,0.25,1.896433315705869e-09
61.2,1.1103499218196115e-11,0.25,1.8406505350955764e-09
61.300000000000004,1.0612601372461516e-11,0.25,1.7865132107614544e-09
61.400000000000006,1.014343364482134e-11,0.25,1.7339726469901906e-09
61.5,9.695032852376821e-12,0.25,1.6829815941343574e-09
61.6,9.266478565570113e-12,0.25,1.6334942055004614e-09
61.7,8.85689120759121e-12,0.25,1.5854659955277614e-09
61.800000000000004,8.46543023841266e-12,0.25,1.5388537992190107e-09
61.900000000000006,8.091292419677245e-12,0.25,1.4936157327854743e-09
62.0,7.733710156832562e-12,0.25,1.4497111554697036e-09
62.1,7.391949915067487e-12,0.25,1.4071006325106443e-09
62.2,7.065310705759517e-12,0.25,1.365745899216744e-09
62.300000000000004,6.753122640288919e-12,0.25,1.3256098261137438e-09
62.400000000000006,6.454745548216158e-12,0.25,1.286656385134858e-09
62.5,6.169567656953177e-12,0.25,1.2488506168220171e-09
62.6,5.89700433018725e-12,0.25,1.2121585985077956e-09
62.7,5.6364968624386395e-12,0.25,1.1765474134485618e-09
62.800000000000004,5.387511327250093e-12,0.25,1.1419851208802818e-09
62.900000000000006,5.149537476618068e-12,0.25,1.1084407269692647e-09
63.0,4.922087689382186e-12,0.25,1.0758841566309808e-09
63.1,4.7046959663914114e-12,0.25,1.0442862261908846e-09
63.2,4.496916970362801e-12,0.25,1.0136186168619776e-09
63.300000000000004,4.298325108441725e-12,0.25,9.83853849014586e-10
63.400000000000006,4.108513655561286e-12,0.25,9.549652572145895e-10
63.5,3.927093916783605e-12,0.25,9.269269660070385e-10
63.6,3.75369442688667e-12,0.25,8.997138664228026e-10
63.7,3.587960185537998e-12,0.25,8.733015931865592e-10
63.800000000000004,3.429551926470288e-12,0.25,8.476665026050908e-10
63.900000000000006,3.2781454191449926e-12,0.25,8.227856511154913e-10
64.0,3.1334308014572515e-12,0.25,7.98636774473493e-10
64.10000000000001,2.995111942100161e-12,0.25,7.751982675627302e-10
64.2,2.8629058312679906e-12,0.25,7.524491648063232e-10
64.3,2.7365419984368224e-12,0.25,7.303691211627336e-10
64.4,2.6157619560173816e-12,0.25,7.089383936883844e-10
64.5,2.5003186677285182e-12,0.25,6.881378236500644e-10
64.60000000000001,2.3899760405911695e-12,0.25,6.679488191706449e-10
64.7,2.2845084394916827e-12,0.25,6.483533383921391e-10
64.8,2.1837002233101987e-12,0.25,6.293338731406074e-10
64.9,2.0873453016546045e-12,0.25,6.10873433077884e-10
65.0,1.99524671128329e-12,0.25,5.929555303255494e-10
65.10000000000001,1.907216211340819e-12,0.25,5.755641645470088e-10
65.2,1.823073896569656e-12,0.25,5.586838084739707e-10
65.3,1.7426478276983589e-12,0.25,5.422993938640195e-10
65.4,1.6657736782423032e-12,0.25,5.263962978763878e-10
65.5,1.5922943969870051e-12,0.25,5.109603298534121e-10
65.60000000000001,1.5220598854566474e-12,0.25,4.959777184955377e-10
65.7,1.4549266897014708e-12,0.25,4.814350994181017e-10
65.8,1.390757705767365e-12,0.25,4.673195030784735e-10
65.9,1.329421898239357e-12,0.25,4.5361834306247955e-10
66.0,1.2707940312777758e-12,0.25,4.4031940471937016e-10
66.10000000000001,1.2147544115917549e-12,0.25,4.274108341349052e-10
66.2,1.1611886428194657e-12,0.25,4.148811274324547e-10
66.3,1.1099873908080856e-12,0.25,4.0271912039230797e-10
66.4,1.0610461593090904e-12,0.25,3.9091397837968185e-10
66.5,1.0142650756260088e-12,0.25,3.7945518657220415e-10
66.60000000000001,9.69548685772386e-13,0.25,3.683325404779223e-10
66.7,9.268057587173892e-13,0.25,3.575361367351604e-10
66.8,8.859490993152857e-13,0.25,3.470563641858022e-10
66.9,8.468953695329952e-13,0.25,3.3688389521383545e-10
67.0,8.095649176070901e-13,0.25,3.270096773412338e-10
67.10000000000001,7.738816147780038e-13,0.25,3.1742492507349215e-10
67.2,7.397726992648979e-13,0.25,3.0812111198736056e-10
67.3,7.071686271595894e-13,0.25,2.9908996305354553e-10
67.4,6.760029299322622e-13,0.25,2.9032344718736377e-10
67.5,6.462120782553441e-13,0.25,2.8181377002054466e-10
67.60000000000001,6.177353518649882e-13,0.25,2.735533668875783e-10
67.7,5.905147151920862e-13,0.25,2.655348960202092e-10
67.8,5.644946985066435e-13,0.25,2.577512319438608e-10
67.9,5.396222843307546e-13,0.25,2.501954590699662e-10
68.0,5.158467988862878e-13,0.25,2.428608654783609e-10
68.10000000000001,4.931198083537885e-13,0.25,2.357409368840637e-10
68.2,4.713950197290517e-13,0.25,2.2882935078294821e-10
68.3,4.506281860732965e-13,0.25,2.221199707709658e-10
68.4,4.3077701596195463e-13,0.25,2.156068410317438e-10
68.5,4.11801086945747e-13,0.25,2.092841809875371e-10
68.60000000000001,3.9366176284600027e-13,0.25,2.031463801086597e-10
68.7,3.763221147140746e-13,0.25,1.9718799287667062e-10
68.8,3.5974684529232354e-13,0.25,1.914037338967276e-10
68.9,3.4390221682123953e-13,0.25,1.8578847315466106e-10
69.0,3.287559820443335e-13,0.25,1.8033723141445164e-10
69.10000000000001,3.142773182688949e-13,0.25,1.7504517575192451e-10
69.2,3.0043676434707783e-13,0.25,1.6990761522059884e-10
69.3,2.8720616044778197e-13,0.25,1.6491999664575132e-10
69.4,2.7455859049554683e-13,0.25,1.600779005428701e-10
69.5,2.6246832715817777e-13,0.25,1.5537703715679074e-10
69.60000000000001,2.5091077927007175e-13,0.25,1.5081324261791417e-10
69.7,2.398624415832326e-13,0.25,1.4638247521201686e-10
69.8,2.293008467427578e-13,0.25,1.4208081176026418e-10
69.9,2.1920451938816457e-13,0.25,1.379044441061416e-10
70.0,2.0955293228629792e-13,0.25,1.3384967570611454e-10
70.10000000000001,2.0032646440575006e-13,0.25,1.2991291832092334e-10
70.2,1.9150636084671668e-13,0.25,1.2609068880451174e-10
70.3,1.8307469454403523e-13,0.25,1.2237960598767678e-10
70.4,1.7501432966480237e-13,0.25,1.1877638765361374e-10
70.5,1.6730888662545336e-13,0.25,1.1527784760261548e-10
70.60000000000001,1.5994270865652008e-13,0.25,1.1188089280326517e-10
70.7,1.5290082984646899e-13,0.25,1.0858252062754177e-10
70.8,1.461689445990632e-13,0.25,1.0537981616733357e-10
70.9,1.3973337844160023e-13,0.25,1.0226994962993005e-10
71.0,1.3358106012415644e-13,0.25,9.925017381013376e-11
71.10000000000001,1.2769949495262313e-13,0.25,9.631782163670422e-11
71.2,1.2207673930085752e-13,0.25,9.347030379091432e-11
71.3,1.167013762496946e-13,0.25,9.070510639506387e-11
71.4,1.115624923028843e-13,0.25,8.801978876886085e-11
71.5,1.0664965513223028e-13,0.25,8.541198125164134e-11
71.60000000000001,1.0195289230632264e-13,0.25,8.287938308845915e-11
71.7,9.746267095927882e-14,0.25,8.041976037813601e-11
71.8,9.316987835783656e-14,0.25,7.803094408141758e-11
71.9,8.906580332699044e-14,0.25,7.571082808743653e-11
72.0,8.514211849612587e-14,0.25,7.345736733673715e-11
72.10000000000001,8.139086332928961e-14,0.25,7.126857599916679e-11
72.2,7.780442790484736e-14,0.25,6.914252570499016e-11
72.3,7.437553741131625e-14,0.25,6.707734382763025e-11
72.4,7.10972373276318e-14,0.25,6.507121181648737e-11
72.5,6.796287925751323e-14,0.25,6.312236357833315e-11
72.60000000000001,6.496610738893386e-14,0.25,6.122908390581994e-11
72.7,6.210084555098649e-14,0.25,5.938970695169028e-11
72.8,5.936128484165926e-14,0.25,5.7602614747311197e-11
72.9,5.674187180120945e-14,0.25,5.586623576419957e-11
73.0,5.42372971069415e-14,0.25,5.417904351724349e-11
73.10000000000001,5.1842484766265686e-14,0.25,5.253955520836199e-11
73.2,4.955258178593582e-14,0.25,5.094633040938361e-11
73.3,4.736294829634065e-14,0.25,4.939796978295816e-11
73.4,4.526914811065761e-14,0.25,4.789311384035228e-11
73.5,4.3266939699568436e-14,0.25,4.643044173501199e-11
73.60000000000001,4.1352267563088804e-14,0.25,4.500867009080796e-11
73.7,3.9521253981878085e-14,0.25,4.362655186391137e-11
73.8,3.7770191131173113e-14,0.25,4.228287523727799e-11
73.9,3.609553354123342e-14,0.25,4.0976462546748475e-11
74.0,3.4493890888895246e-14,0.25,3.970616923780121e-11
74.10000000000001,3.2962021105510457e-14,0.25,3.847088285202173e-11
74.2,3.149682378719471e-14,0.25,3.726952204238039e-11
74.3,3.0095333893928507e-14,0.25,3.610103561643538e-11
74.4,2.875471572464697e-14,0.25,3.4964401606604096e-11
74.5,2.7472257156019025e-14,0.25,3.385862636667027e-11
74.60000000000001,2.6245364133157298e-14,0.25,3.2782743693718e-11
74.7,2.507155540101587e-14,0.25,3.173581397470726e-11
74.8,2.394845746572597e-14,0.25,3.071692335692731e-11
74.9,2.2873799775590768e-14,0.25,2.97251829415869e-11
75.0,2.184541011191012e-14,0.25,2.8759727999820276e-11
75.10000000000001,2.0861210180235906e-14,0.25,2.7819717210409207e-11
75.2,1.991921139306904e-14,0.25,2.690433191854038e-11
75.3,1.9017510835401185e-14,0.25,2.601277541493705e-11
75.4,1.8154287404878608e-14,0.25,2.5144272234721986e-11
75.5,1.7327798118723288e-14,0.25,2.4298067475387094e-11
75.60000000000001,1.6536374579887563e-14,0.25,2.3473426133262097e-11
75.7,1.5778419595245e-14,0.25,2.2669632457891704e-11
75.8,1.5052403938931102e-14,0.25,2.188598932374699e-11
75.9,1.435686325424497e-14,0.25,2.112181761871233e-11
76.0,1.3690395087806627e-14,0.25,2.037645564880476e-11
76.10000000000001,1.3051656049935524e-14,0.25,1.9649258558597006e-11
76.2,1.2439359095474321e-14,0.25,1.8939597766830305e-11
76.3,1.185227091952865e-14,0.25,1.82468604167164e-11
76.4,1.1289209462828961e-14,0.25,1.7570448840441873e-11
76.5,1.0749041521645145e-14,0.25,1.690978003740082e-11
76.60000000000001,1.0230680457398769e-14,0.25,1.6264285165694292e-11
76.7,9.733084001322134e-15,0.25,1.5633409046447253e-11
76.80000000000001,9.2552521497081e-15,0.25,1.5016609680505335e-11
76.9,8.796225145480392e-15,0.25,1.4413357777085079e-11
77.0,8.355081541991018e-15,0.25,1.3823136293962232e-11
77.10000000000001,7.930936345120204e-15,0.25,1.3245439988793343e-11
77.2,7.522939229914816e-15,0.25,1.2679774981175942e-11
77.30000000000001,7.130272828154253e-15,0.25,1.212565832506261e-11
77.4,6.752151083378486e-15,0.25,1.1582617591153606e-11
77.5,6.387817670051451e-15,0.25,1.1050190458902003e-11
77.60000000000001,6.036544473664885e-15,0.25,1.0527924317774073e-11
77.7,5.697630128712999e-15,0.25,1.0015375877416212e-11
77.80000000000001,5.3703986115874896e-15,0.25,9.512110786387887e-12
77.9,5.0541978855555635e-15,0.25,9.017703259128084e-12
78.0,4.748398595090912e-15,0.25,8.531735710830226e-12
78.10000000000001,4.452392806929529e-15,0.25,8.053798399908037e-12
78.2,4.165592795318692e-15,0.25,7.583489077741732e-12
78.30000000000001,3.887429869018845e-15,0.25,7.1204126454007525e-12
78.4,3.617353237704635e-15,0.25,6.664180817045846e-12
78.5,3.3548289154929907e-15,0.25,6.214411789719392e-12
78.60000000000001,3.099338659403331e-15,0.25,5.770729919239035e-12
78.7,2.8503789406276905e-15,0.25,5.332765401915317e-12
78.80000000000001,2.6074599465569625e-15,0.25,4.90015396181955e-12
78.9,2.3701046115738485e-15,0.25,4.4725365433334355e-12
79.0,2.1378476746833625e-15,0.25,4.049559008716948e-12
79.10000000000001,1.9102347621082755e-15,0.25,3.6308718404358103e-12
79.2,1.686821493029556e-15,0.25,3.2161298479944625e-12
79.30000000000001,1.4671726067009851e-15,0.25,2.8049918790247644e-12
79.4,1.2508611092126835e-15,0.25,2.3971205343848375e-12
79.5,1.0374674382204005e-15,0.25,1.9921818870263417e-12
79.60000000000001,8.265786439962285e-16,0.25,1.5898452043922321e-12
79.7,6.177875851919165e-16,0.25,1.1897826741105291e-12
79.80000000000001,4.10692137738312e-16,0.25,7.916691327529502e-13
79.9,2.0489441533370148e-16,0.25,3.9518179743037294e-13
80.0,0.0,0.25,0.0
