waveform,time,a,a_dot
broad,0.0,0.0,0.0
broad,0.025,0.0,0.0
broad,0.05,0.0,0.0
broad,0.075,0.0,0.0
broad,0.1,0.0,0.0
broad,0.125,0.0,0.0
broad,0.15,0.0,0.0
broad,0.17500000000000002,0.0,0.0
broad,0.2,0.0,0.0
broad,0.225,0.0,0.0
broad,0.25,0.0,0.0
broad,0.275,0.0,0.0
broad,0.3,0.0,0.0
broad,0.325,0.0,0.0
broad,0.35000000000000003,0.0,0.0
broad,0.375,0.0,0.0
broad,0.4,0.0,0.0
broad,0.425,0.0,0.0
broad,0.45,0.0,0.0
broad,0.47500000000000003,0.0,0.0
broad,0.5,0.0,0.0
broad,0.525,0.0,0.0
broad,0.55,0.0,0.0
broad,0.5750000000000001,0.0,0.0
broad,0.6,0.0,0.0
broad,0.625,0.0,0.0
broad,0.65,0.0,0.0
broad,0.675,0.0,0.0
broad,0.7000000000000001,0.0,0.0
broad,0.725,0.0,0.0
broad,0.75,0.0,0.0
broad,0.775,0.0,0.0
broad,0.8,0.0,0.0
broad,0.8250000000000001,0.0,0.0
broad,0.85,0.0,0.0
broad,0.875,0.0,0.0
broad,0.9,0.0,0.0
broad,0.925,0.0,0.0
broad,0.9500000000000001,0.0,0.0
broad,0.975,0.0,0.0
broad,1.0,0.0,0.0
broad,1.025,0.0,0.0
broad,1.05,0.0,0.0
broad,1.075,0.0,0.0
broad,1.1,0.0,0.0
broad,1.125,0.0,0.0
broad,1.1500000000000001,0.0,0.0
broad,1.175,0.0,0.0
broad,1.2,0.0,0.0
broad,1.225,0.0,0.0
broad,1.25,0.0,0.0
broad,1.2750000000000001,0.0,0.0
broad,1.3,0.0,0.0
broad,1.325,0.0,0.0
broad,1.35,0.0,0.0
broad,1.375,0.0,0.0
broad,1.4000000000000001,0.0,3e-323
broad,1.425,3.064e-320,1.6241124e-317
broad,1.45,1.358037575e-314,7.04767794149e-312
broad,1.475,4.62688651908579e-309,2.3518521228164594e-306
broad,1.5,1.2235847788537757e-303,6.09404174947825e-301
broad,1.5250000000000001,2.5345583813349863e-298,1.2373101857651246e-295
broad,1.55,4.147792065244401e-293,1.9853860418229263e-290
broad,1.575,5.406153032871273e-288,2.5380920533257966e-285
broad,1.6,5.6549641322145365e-283,2.6047878158633404e-280
broad,1.625,4.7815983503745525e-278,2.161548502580422e-275
broad,1.6500000000000001,3.290645627801516e-273,1.4603005743388315e-270
broad,1.675,1.8550715837768474e-268,8.083607318229588e-266
broad,1.7,8.61932531645464e-264,3.689011252318416e-261
broad,1.725,3.3200548327530936e-259,1.3959756860679798e-256
broad,1.75,1.0660485902855132e-254,4.404579287013572e-252
broad,1.7750000000000001,2.868476652424027e-250,1.164844667901159e-247
broad,1.8,6.500416251581217e-246,2.5949995464670884e-243
broad,1.825,1.2465700737088154e-241,4.893035236712205e-239
broad,1.85,2.0321312033480927e-237,7.84442611438867e-235
broad,1.875,2.8283281903333876e-233,1.073904392102159e-230
broad,1.9000000000000001,3.374811455318593e-229,1.2606276490039147e-226
broad,1.925,3.4660095527453544e-225,1.2739147179096972e-222
broad,1.95,3.0754899873454846e-221,1.1124149522993345e-218
broad,1.975,2.3663351406625174e-217,8.424346694735176e-215
broad,2.0,1.5842433584968904e-213,5.552032770998574e-211
broad,2.025,9.259650334580947e-210,3.194881396530133e-207
broad,2.05,4.73999788881945e-206,1.610369479970637e-203
broad,2.075,2.1315724365062088e-202,7.131638716230548e-200
broad,2.1,8.445680409349492e-199,2.7830299673270623e-196
broad,2.125,2.9566879898197898e-195,9.596933642769394e-193
broad,2.15,9.170403869631368e-192,2.93228823549634e-189
broad,2.1750000000000003,2.526468454262367e-188,7.959182973615499e-186
broad,2.2,6.198247301613146e-185,1.923990726157848e-182
broad,2.225,1.357374274606305e-181,4.1519690842074654e-179
broad,2.25,2.6595799362682614e-178,8.017277048146253e-176
broad,2.275,4.672819780992563e-175,1.3883186862064466e-172
broad,2.3000000000000003,7.377886203509116e-172,2.1605952034493768e-169
broad,2.325,1.0489925432945379e-168,3.028156547162108e-166
broad,2.35,1.3457634196038683e-165,3.829750025937886e-163
broad,2.375,1.5608402408924617e-162,4.379106221793868e-160
broad,2.4,1.6396446022295436e-159,4.5355488569691154e-157
broad,2.4250000000000003,1.5628687692902045e-156,4.262670905451247e-154
broad,2.45,1.3540349679324466e-153,3.6416040374663635e-151
broad,2.475,1.068068500323879e-150,2.832619419682371e-148
broad,2.5,7.6830343798013e-148,2.0094133317985687e-145
broad,2.525,5.047888973024979e-145,1.3020065711606666e-142
broad,2.5500000000000003,3.0337958301645236e-142,7.71746245639241e-140
broad,2.575,1.6703090344062546e-139,4.1906959074263253e-137
broad,2.6,8.436351694692345e-137,2.087660798924679e-134
broad,2.625,3.9142918265020446e-134,9.554053458594527e-132
broad,2.65,1.6705764596211833e-131,4.021997241620478e-129
broad,2.6750000000000003,6.566734677848454e-129,1.559466494219295e-126
broad,2.7,2.380345084225462e-126,5.576046436670603e-124
broad,2.725,7.966321280731492e-124,1.8408201736437396e-121
broad,2.75,2.4643738561977326e-121,5.617368727990368e-119
broad,2.775,7.054619770513699e-119,1.586269381650228e-116
broad,2.8000000000000003,1.870814457702949e-116,4.149671626227219e-114
broad,2.825,4.6008149770966766e-114,1.006696702499723e-111
broad,2.85,1.0503357149811893e-111,2.2671097052371178e-109
broad,2.875,2.228123044761888e-109,4.744191716671852e-107
broad,2.9,4.396253008943142e-107,9.233811150820171e-105
broad,2.9250000000000003,8.075330851578362e-105,1.673127045520429e-102
broad,2.95,1.3821686888528516e-102,2.8248370072595636e-100
broad,2.975,2.206284210485727e-100,4.4478427164823215e-98
broad,3.0,3.2872003183327133e-98,6.536721969441486e-96
broad,3.025,4.575180024481507e-96,8.973802915924675e-94
broad,3.0500000000000003,5.953182597842989e-94,1.1516990058832929e-91
broad,3.075,7.247361477595907e-92,1.3828542664887706e-89
broad,3.1,8.26076662867168e-90,1.5545584954317488e-87
broad,3.125,8.822264634027943e-88,1.6373396304812115e-85
broad,3.15,8.83402319458427e-86,1.6168478354268778e-83
broad,3.1750000000000003,8.299372080267283e-84,1.4979104870368844e-81
broad,3.2,7.32015071857044e-82,1.3027672990880133e-79
broad,3.225,6.065313888541651e-80,1.0643403847818377e-77
broad,3.25,4.723959220282477e-78,8.173085807165631e-76
broad,3.275,3.46043478754739e-76,5.902464718298242e-74
broad,3.3000000000000003,2.385448576013139e-74,4.011101183612253e-72
broad,3.325,1.5483130861503563e-72,2.5663091970116417e-70
broad,3.35,9.467226429498417e-71,1.5466538323203588e-68
broad,3.375,5.45606457417985e-69,8.784785852959542e-67
broad,3.4,2.9650922925974425e-67,4.704678123762811e-65
broad,3.4250000000000003,1.5201973202019041e-65,2.3767737224563613e-63
broad,3.45,7.356271364092631e-64,1.1331705754754642e-61
broad,3.475,3.3612173206922085e-62,5.100755968839289e-60
broad,3.5,1.450753686623545e-60,2.1686021893095855e-58
broad,3.525,5.917228997607921e-59,8.711595009157348e-57
broad,3.5500000000000003,2.281562138353792e-57,3.307854341058216e-55
broad,3.575,8.319349962737418e-56,1.1876176070722412e-53
broad,3.6,2.869696323734878e-54,4.033028128519106e-52
broad,3.625,9.367217549357926e-53,1.295821768217303e-50
broad,3.65,2.8943059757573917e-51,3.940450823675046e-49
broad,3.6750000000000003,8.467610779004575e-50,1.1343643823199654e-47
broad,3.7,2.346257985511625e-48,3.09226600016283e-46
broad,3.725,6.158816195663887e-47,7.984034021055189e-45
broad,3.75,1.5318837507989147e-45,1.952922051284525e-43
broad,3.775,3.611222143800427e-44,4.5263917342016333e-42
broad,3.8000000000000003,8.069885248724075e-43,9.942684103891636e-41
broad,3.825,1.709788158775844e-41,2.0701926683963972e-39
broad,3.85,3.435168730732072e-40,4.086358704007661e-38
broad,3.875,6.545541432143743e-39,7.647777674955902e-37
broad,3.9,1.1830074018380652e-37,1.3572280256216778e-35
broad,3.9250000000000003,2.0282335431053305e-36,2.284157397140051e-34
broad,3.95,3.298926975399889e-35,3.6457139795873226e-33
broad,3.975,5.0907118038227314e-34,5.518751575828796e-32
broad,4.0,7.453378616395821e-33,7.923360793770557e-31
broad,4.025,1.0353930085772745e-31,1.0789144521682782e-29
broad,4.05,1.3646886945012541e-30,1.3933553302423122e-28
broad,4.075,1.7065827608813878e-29,1.706520879483578e-27
broad,4.1,2.0247218565628654e-28,1.9819949791164337e-26
broad,4.125,2.27885094152375e-27,2.1826767145866924e-25
broad,4.15,2.4329673422572505e-26,2.2788445384127477e-24
broad,4.175,2.463611901722333e-25,2.255319646896468e-23
broad,4.2,2.3656902494766445e-24,2.115367791250464e-22
broad,4.225,2.1538453155799546e-23,1.8799666831331282e-21
broad,4.25,1.8588769529556911e-22,1.5826615725010473e-20
broad,4.275,1.5204114024578642e-21,1.2617431577334077e-19
broad,4.3,1.178220315966465e-20,9.522554503177802e-19
broad,4.325,8.647935215814422e-20,6.800994552648356e-18
broad,4.3500000000000005,6.009921828437906e-19,4.5945797799484046e-17
broad,4.375,3.953021879881096e-18,2.9347522728795366e-16
broad,4.4,2.4598575710483072e-17,1.771437645388856e-15
broad,4.425,1.447469697300982e-16,1.0098637981628105e-14
broad,4.45,8.050216764627785e-16,5.433902065503844e-14
broad,4.4750000000000005,4.229264017517707e-15,2.7578890396155506e-13
broad,4.5,2.0975967078796122e-14,1.319272674581237e-12
broad,4.525,9.815220950354113e-14,5.94338036658106e-12
broad,4.55,4.3301229852543424e-13,2.519373184585667e-11
broad,4.575,1.7997186927597065e-12,1.0039223406079412e-10
broad,4.6000000000000005,7.0417091650844214e-12,3.7567720192244294e-10
broad,4.625,2.591617653590337e-11,1.3187614945646644e-09
broad,4.65,8.964450879915929e-11,4.337687705787312e-09
broad,4.675,2.911885902650991e-10,1.3352891483269315e-08
broad,4.7,8.875017719461513e-10,3.8423154820231834e-08
broad,4.7250000000000005,2.5361728884757987e-09,1.0322761668342925e-07
broad,4.75,6.790796756759776e-09,2.586456549113769e-07
broad,4.775,1.7029076877093446e-08,6.038394629113462e-07
broad,4.8,3.998602585750387e-08,1.3127688164863345e-06
broad,4.825,8.793651330273013e-08,2.657557020361045e-06
broad,4.8500000000000005,1.812678616986469e-07,5.013473073267139e-06
broad,4.875,3.5078452629799247e-07,8.830827144377138e-06
broad,4.9,6.388763489088077e-07,1.4574363872621387e-05
broad,4.925,1.0990250160743499e-06,2.265771042430294e-05
broad,4.95,1.794075585712524e-06,3.3417183621462337e-05
broad,4.9750000000000005,2.7946361578900593e-06,4.7147868525500984e-05
broad,5.0,4.17886816537812e-06,6.41683599372622e-05
broad,5.025,6.033513606997054e-06,8.484404878605812e-05
broad,5.05,8.454595377031881e-06,0.00010954048731620827
broad,5.075,1.1546636395949452e-05,0.00013856698621449688
broad,5.1000000000000005,1.5421226372863228e-05,0.00017218800324231225
broad,5.125,2.019663221727554e-05,0.0002106816232139336
broad,5.15,2.599843161754365e-05,0.00025434888024913964
broad,5.175,3.295945068729942e-05,0.0003034589265934183
broad,5.2,4.121854106623852e-05,0.0003582285970108988
broad,5.2250000000000005,5.0919812376165834e-05,0.0004188709849804524
broad,5.25,6.221293924924496e-05,0.00048561389236937086
broad,5.275,7.525297668662893e-05,0.0005586512703395853
broad,5.3,9.0199189586149e-05,0.0006381314308392033
broad,5.325,0.0001072144825484562,0.0007242038894607665
broad,5.3500000000000005,0.0001264655611048756,0.000817015615987321
broad,5.375,0.0001481222699596284,0.0009166672196580199
broad,5.4,0.0001723565411609409,0.0010232337188436115
broad,5.425,0.0001993422517174753,0.0011367944289622247
broad,5.45,0.00022925495326812055,0.0012573963905812232
broad,5.4750000000000005,0.0002622708111395804,0.001385047532933187
broad,5.5,0.00029856613503798074,0.0015197545393621167
broad,5.525,0.0003383172225239323,0.0016615018508898316
broad,5.55,0.0003816994152689731,0.0018102318249867803
broad,5.575,0.0004288864697580087,0.0019658799795330803
broad,5.6000000000000005,0.00048005038842503035,0.002128363234344328
broad,5.625,0.0005353605573740552,0.002297557655824983
broad,5.65,0.0005949830962620138,0.0024733305066926814
broad,5.675,0.000659080650171573,0.00265552977443335
broad,5.7,0.0007278115548364175,0.002843965560864642
broad,5.7250000000000005,0.0008013292590089912,0.0030384402403521265
broad,5.75,0.0008797820668447256,0.003238733496755513
broad,5.775,0.0009633123110495402,0.003444592264845503
broad,5.8,0.0010520559109654926,0.003655757593638405
broad,5.825,0.0011461420337357915,0.003871943136295256
broad,5.8500000000000005,0.0012456923125674444,0.00409283823945954
broad,5.875,0.0013508205612471696,0.004318125788364141
broad,5.9,0.0014616323116487893,0.004547458213416569
broad,5.925,0.00157822417395116,0.00478047465699618
broad,5.95,0.0017006836498872273,0.005016802442433664
broad,5.9750000000000005,0.001829088554901814,0.0052560415413963795
broad,6.0,0.0019635066248391243,0.0054977875197139495
broad,6.025,0.0021039952913897582,0.005741616144163236
broad,6.05,0.0022506011174973496,0.005987087204182777
broad,6.075,0.0024033596448037884,0.006233756301930771
broad,6.1000000000000005,0.0025622950271855646,0.006481156986107906
broad,6.125,0.002727419685261684,0.006728820089947002
broad,6.15,0.0028987342120163763,0.006976264301852212
broad,6.175,0.003076226963132033,0.007222996378729501
broad,6.2,0.003259873995667908,0.007468523314254428
broad,6.2250000000000005,0.0034496388461428716,0.007712336731981762
broad,6.25,0.0036454723383314157,0.007953930453013573
broad,6.275,0.003847312591009848,0.00819279067474492
broad,6.3,0.004055084776358762,0.00842839974496931
broad,6.325,0.00426870120372409,0.008660243265211637
broad,6.3500000000000005,0.004488061202909647,0.008887799032514692
broad,6.375,0.004713051145888605,0.009110553212050577
broad,6.4,0.004943544529353874,0.009327987687511089
broad,6.425,0.0051794019349455395,0.009539590851359072
broad,6.45,0.005420471249725661,0.009744855288543358
broad,6.4750000000000005,0.005666587663629781,0.009943276106921976
broad,6.5,0.005917573919448279,0.01013436035679069
broad,6.525,0.006173240440259511,0.010317616524606202
broad,6.55,0.006433385545428603,0.010492568525180487
broad,6.575,0.006697795732161789,0.010658745102163475
broad,6.6000000000000005,0.006966245866265011,0.010815689850635695
broad,6.625,0.007238499578295399,0.010962957411977564
broad,6.65,0.007514309481710683,0.01110011508913738
broad,6.675,0.007793417621264601,0.011226747520001922
broad,6.7,0.008075555772021124,0.011342450695940628
broad,6.7250000000000005,0.008360445892379494,0.01144684230946622
broad,6.75,0.008647800530879277,0.011539552230602625
broad,6.775,0.008937323266644806,0.011620233906366162
broad,6.8,0.009228709219819442,0.01168855581312152
broad,6.825,0.009521645488331797,0.011744209942028074
broad,6.8500000000000005,0.009815811737086028,0.011786907294187896
broad,6.875,0.010110880652614262,0.011816381394730445
broad,6.9,0.010406518579620615,0.011832388842284729
broad,6.925,0.010702386014816868,0.011834707754113638
broad,6.95,0.010998138263554948,0.01182314269124307
broad,6.9750000000000005,0.011293425986167057,0.01179751926311488
broad,7.0,0.011587895856426864,0.011757691826169151
broad,7.025,0.011881191163586293,0.011703536014420096
broad,7.05,0.012172952463517309,0.011634957414456316
broad,7.075,0.01246281823106391,0.01155188370844448
broad,7.1000000000000005,0.012750425501355042,0.011454272815633599
broad,7.125,0.013035410561611963,0.01134210591333727
broad,7.15,0.013317409583635,0.011215394032167317
broad,7.175,0.01359605934179876,0.011074172702058719
broad,7.2,0.013870997838606179,0.010918506493772634
broad,7.2250000000000005,0.014141865035475905,0.010748485576229625
broad,7.25,0.014408303472456441,0.010564228100545605
broad,7.275,0.014669958999611845,0.010365878620885801
broad,7.3,0.014926481390390071,0.010153608484373565
broad,7.325,0.015177525063160776,0.009927615868793848
broad,7.3500000000000005,0.015422749685987525,0.009688124483036494
broad,7.375,0.015661820879650765,0.00943538488749189
broad,7.4,0.015894410810066296,0.009169671856470774
broad,7.425,0.016120198865670853,0.00889128663665862
broad,7.45,0.016338872232624962,0.008600553309511084
broad,7.4750000000000005,0.01655012654066091,0.008297821677482215
broad,7.5,0.0167536664155297,0.007983462919544262
broad,7.525,0.01694920608833032,0.007657872849179052
broad,7.55,0.017136469919356516,0.007321467100627558
broad,7.575,0.017315192966606528,0.006974684560225161
broad,7.6000000000000005,0.01748512147518064,0.006617982267602221
broad,7.625,0.017646013401185056,0.006251838873188452
broad,7.65,0.017797638861046683,0.005876749394117032
broad,7.675,0.017939780607441145,0.005493228591354226
broad,7.7,0.018072234433263952,0.005101805687011846
broad,7.7250000000000005,0.01819480959657994,0.004703027583232241
broad,7.75,0.018307329174471063,0.004297453626219788
broad,7.775,0.01840963043435306,0.003885658606354312
broad,7.8,0.018501565133480957,0.0034682276434029055
broad,7.825,0.018582999834325976,0.003045758914911531
broad,7.8500000000000005,0.018653816146140166,0.0026188587345895957
broad,7.875,0.01871391098243486,0.002188143956188924
broad,7.9,0.018763196741679113,0.0017542373208330468
broad,7.925,0.018801601505269164,0.0013177694784436
broad,7.95,0.01882906915515492,0.0008793746872975218
broad,7.9750000000000005,0.018845559511028988,0.000439692387445942
broad,8.0,0.018851048383443997,-6.366558168301625e-07
broad,8.025,0.018845527649270114,-0.00044096929943371414
broad,8.05,0.018829005239678114,-0.0008806633371302112
broad,8.075,0.018801505153212366,-0.0013190770445343663
broad,8.1,0.01876306737886464,-0.0017555718526424586
broad,8.125,0.018713747846383626,-0.00218951256435462
broad,8.15,0.018653618285536553,-0.0026202692955371765
broad,8.175,0.018582766113537128,-0.0030472184233638127
broad,8.2,0.018501294232462072,-0.00346974372373266
broad,8.225,0.01840932085394525,-0.0038872380849906156
broad,8.25,0.018306979237547667,-0.004299103805095641
broad,8.275,0.018194417453170592,-0.004704755062576631
broad,8.3,0.01807179806392072,-0.005103617386814996
broad,8.325,0.01793929782708181,-0.005495130821489142
broad,8.35,0.017797107325615638,-0.005878748645413627
broad,8.375,0.01764543060904914,-0.006253941095038115
broad,8.4,0.017484484778148842,-0.006620193486900705
broad,8.425,0.017314499567771473,-0.006977010291481245
broad,8.45,0.01713571688939861,-0.007323912882882436
broad,8.475,0.016948390358892142,-0.007660443686982028
broad,8.5,0.016752784801454344,-0.007986163847347981
broad,8.525,0.01654917572832037,-0.008300657119696683
broad,8.55,0.016337848808331442,-0.008603527780820276
broad,8.575000000000001,0.016119099298840926,-0.008894403923366176
broad,8.6,0.0158932314875221,-0.009172935932622583
broad,8.625,0.015660558084054827,-0.00943879886398151
broad,8.65,0.015421399635160673,-0.009691691758890517
broad,8.675,0.01517608388481975,-0.009931338870819267
broad,8.700000000000001,0.014924945165004899,-0.010157489982342768
broad,8.725,0.014668323733059431,-0.010369920382714646
broad,8.75,0.014406565140383855,-0.010568432190228929
broad,8.775,0.014140019555990691,-0.010752853161644694
broad,8.8,0.013869041115655343,-0.010923038838589113
broad,8.825000000000001,0.013593987240404485,-0.011078870458413662
broad,8.85,0.013315217969480745,-0.011220257563996345
broad,8.875,0.013033095281569086,-0.011347135448805409
broad,8.9,0.012747982416315818,-0.011459467737724646
broad,8.925,0.01246024320455845,-0.011557243893105739
broad,8.950000000000001,0.012170241384892753,-0.011640481231684563
broad,8.975,0.011878339947316128,-0.01170922300666716
broad,9.0,0.01158490045310846,-0.011763539400362457
broad,9.025,0.01129028239453434,-0.011803526563686573
broad,9.05,0.010994842527640334,-0.01182930631792983
broad,9.075000000000001,0.010698934249458161,-0.011841026291036604
broad,9.1,0.010402906953779517,-0.011838858344129843
broad,9.125,0.010107105427047038,-0.011822999642260556
broad,9.15,0.00981186923644965,-0.011793670126880042
broad,9.175,0.009517532146561277,-0.0117511140748858
broad,9.200000000000001,0.009224421547188985,-0.011695597182148078
broad,9.225,0.008932857894657037,-0.011627407985795828
broad,9.25,0.00864315418408937,-0.011546855223323422
broad,9.275,0.008355615421521393,-0.011454268489854208
broad,9.3,0.008070538142377123,-0.011349996441606008
broad,9.325000000000001,0.007788209922549259,-0.01123440625622765
broad,9.35,0.007508908942574523,-0.011107882966149906
broad,9.375,0.007232903546641706,-0.010970827644285877
broad,9.4,0.006960451851102968,-0.010823657757437136
broad,9.425,0.006691801359501763,-0.010666804406192321
broad,9.450000000000001,0.0064271886148963555,-0.010500713209785947
broad,9.475,0.006166838876433839,-0.010325841246018156
broad,9.5,0.005910965817203963,-0.010142657759102012
broad,9.525,0.005659771264250454,-0.009951641544394796
broad,9.55,0.005413444946415135,-0.009753280810161304
broad,9.575000000000001,0.005172164296099238,-0.009548071573371782
broad,9.6,0.004936094253567627,-0.009336516313761018
broad,9.625,0.004705387126491745,-0.009119123537979997
broad,9.65,0.004480182457361955,-0.008896405337425627
broad,9.675,0.004260606936704005,-0.008668877789649108
broad,9.700000000000001,0.004046774338144291,-0.008437057983312613
broad,9.725,0.003838785483188274,-0.008201464562475457
broad,9.75,0.003636728244610279,-0.007962615012719337
broad,9.775,0.0034406775638418617,-0.007721025587350437
broad,9.8,0.0032506955190893133,-0.0074772095373938354
broad,9.825000000000001,0.0030668313990847612,-0.007231675940988688
broad,9.85,0.002889121829371693,-0.006984929134178046
broad,9.875,0.002717590906860854,-0.006737466486507039
broad,9.9,0.0025522503773074104,-0.006489778732163985
broad,9.925,0.0023930998330643724,-0.006242347258030701
broad,9.950000000000001,0.002240126937003494,-0.005995644612039638
broad,9.975,0.002093307681668893,-0.0057501321327810195
broad,10.0,0.001952606658530201,-0.005506259846642046
broad,10.025,0.0018179773721753727,-0.0052644651194656365
broad,10.05,0.0016893625567585906,-0.005025171500537938
broad,10.075000000000001,0.001566694536062518,-0.004788788572075482
broad,10.1,0.00144989558943849,-0.004555709893178513
broad,10.125,0.0013388783488754365,-0.004326313615936306
broad,10.15,0.001233546214022425,-0.004100960212844402
broad,10.175,0.00113379378056195,-0.003879993049977304
broad,10.200000000000001,0.0010395072992004238,-0.0036637367456744925
broad,10.225,0.0009505651337719907,-0.003452496967362317
broad,10.25,0.0008668382547758616,-0.003246559955134966
broad,10.275,0.0007881907281769207,-0.0030461913155973705
broad,10.3,0.0007144802325111143,-0.0028516366143576145
broad,10.325000000000001,0.000645558578540314,-0.0026631195942122795
broad,10.35,0.0005812722410139714,-0.0024808431606188086
broad,10.375,0.0005214629053779449,-0.002304987860152695
broad,10.4,0.00046596800969079334,-0.0021357124109512597
broad,10.425,0.0004146213096897165,-0.001973153176347673
broad,10.450000000000001,0.00036725343030732704,-0.0018174237511480434
broad,10.475,0.00032369243752872147,-0.00166861559923719
broad,10.5,0.0002837643998078074,-0.0015267968847297853
broad,10.525,0.0002472939561537448,-0.001392013760852415
broad,10.55,0.0002141048847928026,-0.0012642891990485578
broad,10.575000000000001,0.0001840206612166455,-0.0011436240653098922
broad,10.6,0.0001568650265030137,-0.0010299967694493907
broad,10.625,0.00013246253384747937,-0.0009233634905827547
broad,10.65,0.0001106391053489135,-0.0008236589799299974
broad,10.675,9.122256758939855e-05,-0.0007307959613689043
broad,10.700000000000001,7.404318599126375e-05,-0.0006446666955713211
broad,10.725,5.8934187875825827e-05,-0.0005651422320300852
broad,10.75,4.5732267682228104e-05,-0.0004920738847120924
broad,10.775,3.4278091143266104e-05,-0.00042529318444403045
broad,10.8,2.4416769941197273e-05,-0.0003646125616033076
broad,10.825000000000001,1.599833673769256e-05,-0.0003098264042373553
broad,10.85,8.878190559744276e-06,-0.0002607109000212426
broad,10.875,2.9175324812337104e-06,-0.00021702585682676303
broad,10.9,-2.01621868901832e-06,-0.00017851434814433994
broad,10.925,-6.049036006818659e-06,-0.00014490445244360844
broad,10.950000000000001,-9.299903572347198e-06,-0.00011590955204150157
broad,10.975,-1.188047183868989e-05,-9.122928403744157e-05
broad,11.0,-1.3894720921272086e-05,-7.055089962367129e-05
broad,11.025,-1.5438659673120847e-05,-5.35494148217782e-05
broad,11.05,-1.6600043320763355e-05,-3.988970947404942e-05
broad,11.075000000000001,-1.7458118923052393e-05,-2.922665182889805e-05
broad,11.1,-1.8083408767921028e-05,-2.1207303388997293e-05
broad,11.125,-1.8537521473768052e-05,-1.5472273598525604e-05
broad,11.15,-1.887302935655096e-05,-1.1658135563564529e-05
broad,11.175,-1.9133407779674246e-05,-9.401601044922332e-06
broad,11.200000000000001,-1.9353097156883646e-05,-8.344135836853943e-06
broad,11.225,-1.9557728452821365e-05,-8.141056725517748e-06
broad,11.25,-1.976458819416706e-05,-8.471907857368787e-06
broad,11.275,-1.998341611803615e-05,-9.055701782832053e-06
broad,11.3,-2.0217586098869e-05,-9.667394374238951e-06
broad,11.325000000000001,-2.0465714717440262e-05,-1.0153411291367565e-05
broad,11.35,-2.0723591537445757e-05,-1.0442234733214588e-05
broad,11.375,-2.0986229389635215e-05,-1.0541632300883023e-05
broad,11.4,-2.1249669952224244e-05,-1.0521545989559121e-05
broad,11.425,-2.151212761241161e-05,-1.047950738340331e-05
broad,11.450000000000001,-2.177417624958823e-05,-1.0499519120989961e-05
broad,11.475,-2.203794132888055e-05,-1.0617899911634835e-05
broad,11.5,-2.2305713027847998e-05,-1.0812011668349876e-05
broad,11.525,-2.2578666639691267e-05,-1.1021097695223693e-05
broad,11.55,-2.285639286823406e-05,-1.1186735388965664e-05
broad,11.575000000000001,-2.3137480519829536e-05,-1.129137635680462e-05
broad,11.6,-2.3420704032440036e-05,-1.1365811021674191e-05
broad,11.625,-2.370594709103437e-05,-1.1460546272320145e-05
broad,11.65,-2.3994142359591205e-05,-1.1602825179060246e-05
broad,11.675,-2.4286341915954707e-05,-1.1774715053029254e-05
broad,11.700000000000001,-2.4582772077693007e-05,-1.1934524949477577e-05
broad,11.725,-2.488276012852105e-05,-1.2058984601334014e-05
broad,11.75,-2.518556849489517e-05,-1.2165823901392082e-05
broad,11.775,-2.549121364629894e-05,-1.2291157841838688e-05
broad,11.8,-2.5800393686838602e-05,-1.2447225029393988e-05
broad,11.825000000000001,-2.6113636296245916e-05,-1.2610396633769127e-05
broad,11.85,-2.6430724688920316e-05,-1.2752258818195077e-05
broad,11.875,-2.6751093888937093e-05,-1.2876433296790197e-05
broad,11.9,-2.707463922335353e-05,-1.3011117938786358e-05
broad,11.925,-2.740185488346841e-05,-1.3169143109550112e-05
broad,11.950000000000001,-2.773313173403239e-05,-1.3331249801230584e-05
broad,11.975,-2.8068259928774728e-05,-1.347580482362116e-05
broad,12.0,-2.840684450698305e-05,-1.3611605351781439e-05
broad,12.025,-2.8748969286203624e-05,-1.3761963739750717e-05
broad,12.05,-2.9095076101695704e-05,-1.3927396608177712e-05
broad,12.075000000000001,-2.944527886826498e-05,-1.4086199685278851e-05
broad,12.1,-2.9799264524290622e-05,-1.4231591463703674e-05
broad,12.125,-3.015690892111499e-05,-1.4382570138396652e-05
broad,12.15,-3.051853115759911e-05,-1.4549057286563022e-05
broad,12.175,-3.088435798719713e-05,-1.4715249856197332e-05
broad,12.200000000000001,-3.1254184782417235e-05,-1.4869493597115703e-05
broad,12.225,-3.1627848176202355e-05,-1.502555965576622e-05
broad,12.25,-3.200558767799878e-05,-1.5195428359432975e-05
broad,12.275,-3.238762543630384e-05,-1.536616417607789e-05
broad,12.3,-3.277380405980928e-05,-1.5526890460516843e-05
broad,12.325000000000001,-3.316399063061342e-05,-1.5689978988382777e-05
broad,12.35,-3.35584103515949e-05,-1.586494206845812e-05
broad,12.375,-3.395722915439391e-05,-1.6039076352813944e-05
broad,12.4,-3.436028691328718e-05,-1.6204985976886073e-05
broad,12.425,-3.4767527039337914e-05,-1.6376208811824975e-05
broad,12.450000000000001,-3.517918148717596e-05,-1.655673754864811e-05
broad,12.475,-3.559532337218259e-05,-1.6733029610442337e-05
broad,12.5,-3.601578982835643e-05,-1.690474856547133e-05
broad,12.525,-3.644063630450117e-05,-1.7084780339982157e-05
broad,12.55,-3.687007126810346e-05,-1.7269473366842537e-05
broad,12.575000000000001,-3.73040471705151e-05,-1.7447624021856426e-05
broad,12.6,-3.774246440176996e-05,-1.76271433264885e-05
broad,12.625,-3.818548388983114e-05,-1.781531103231894e-05
broad,12.65,-3.863320930913919e-05,-1.800147972538203e-05
broad,12.675,-3.908551994702299e-05,-1.8183682143292747e-05
broad,12.700000000000001,-3.9542456758435824e-05,-1.837281407439832e-05
broad,12.725,-4.0004191667700996e-05,-1.8565364787783807e-05
broad,12.75,-4.047067376131008e-05,-1.8752650752082266e-05
broad,12.775,-4.0941851334058154e-05,-1.8942958764241074e-05
broad,12.8,-4.141788158221653e-05,-1.9139701761414323e-05
broad,12.825000000000001,-4.1898799323357176e-05,-1.9332758598728648e-05
broad,12.85,-4.238451504189701e-05,-1.952543215694073e-05
broad,12.875,-4.287513501067148e-05,-1.9725012032743767e-05
broad,12.9,-4.3370753239087016e-05,-1.9923467300193772e-05
broad,12.925,-4.3871283444845896e-05,-2.0119424442214985e-05
broad,12.950000000000001,-4.437678072374938e-05,-2.032145513621565e-05
broad,12.975,-4.488736530678203e-05,-2.0524551544543854e-05
broad,13.0,-4.540297325607246e-05,-2.0724188456537905e-05
broad,13.025,-4.5923621407053574e-05,-2.092880716208735e-05
broad,13.05,-4.6449434987337554e-05,-2.1135786268663872e-05
broad,13.075000000000001,-4.698037404142923e-05,-2.1339166621747267e-05
broad,13.1,-4.751643139867672e-05,-2.1546568206979413e-05
broad,13.125,-4.805772869714132e-05,-2.1756880680265486e-05
broad,13.15,-4.860424176488025e-05,-2.1963859665305474e-05
broad,13.175,-4.9155952425885114e-05,-2.2174124255179877e-05
broad,13.200000000000001,-4.971297597969431e-05,-2.2387453150822646e-05
broad,13.225,-5.0275294094131354e-05,-2.2597707007358512e-05
broad,13.25,-5.08428880420236e-05,-2.2810869145709193e-05
broad,13.275,-5.141586513823775e-05,-2.3026968786458637e-05
broad,13.3,-5.19942059300033e-05,-2.324009606787327e-05
broad,13.325000000000001,-5.2577897658426576e-05,-2.3456195251122186e-05
broad,13.35,-5.31670387038597e-05,-2.3674727561731362e-05
broad,13.375,-5.376160414747389e-05,-2.3890407553344093e-05
broad,13.4,-5.4361591024669205e-05,-2.4109405178814737e-05
broad,13.425,-5.496708821347327e-05,-2.432993674142543e-05
broad,13.450000000000001,-5.55780618912716e-05,-2.4547987198547786e-05
broad,13.475,-5.61945230109951e-05,-2.4769673925215695e-05
broad,13.5,-5.6816548045066034e-05,-2.499177322353064e-05
broad,13.525,-5.744409312271124e-05,-2.5212078513510673e-05
broad,13.55,-5.807718782196236e-05,-2.5436085509227088e-05
broad,13.575000000000001,-5.871588895714393e-05,-2.565936687945989e-05
broad,13.6,-5.936014726948898e-05,-2.588181000909471e-05
broad,13.625,-6.001001228082851e-05,-2.6107653188458904e-05
broad,13.65,-6.066551203417336e-05,-2.6331764896526176e-05
broad,13.675,-6.132660322424675e-05,-2.655622728406818e-05
broad,13.700000000000001,-6.19933487264622e-05,-2.6783279975294817e-05
broad,13.725,-6.266574292750281e-05,-2.7007959237181694e-05
broad,13.75,-6.334376236058778e-05,-2.7234274430415628e-05
broad,13.775,-6.402746815702723e-05,-2.746173937571156e-05
broad,13.8,-6.471682578606118e-05,-2.7686939781468468e-05
broad,13.825000000000001,-6.541184089492059e-05,-2.7914702424424423e-05
broad,13.85,-6.611255370891218e-05,-2.81417583376531e-05
broad,13.875,-6.681891653024713e-05,-2.8367654816787075e-05
broad,13.9,-6.753096197686293e-05,-2.8596016359439077e-05
broad,13.925,-6.824869433494088e-05,-2.8822146157936082e-05
broad,13.950000000000001,-6.897207535863683e-05,-2.904884643227575e-05
broad,13.975,-6.970114774740741e-05,-2.9276580461884483e-05
broad,14.0,-7.043587864961666e-05,-2.9501808191132044e-05
broad,14.025,-7.11762581884273e-05,-2.9728892168604098e-05
broad,14.05,-7.192231197820635e-05,-2.9954848410054482e-05
broad,14.075000000000001,-7.267398844780626e-05,-3.0179548629694653e-05
broad,14.1,-7.34313070143316e-05,-3.0405845093944644e-05
broad,14.125,-7.419425415411646e-05,-3.062951741523044e-05
broad,14.15,-7.496279046137362e-05,-3.085376832761516e-05
broad,14.175,-7.573694061316545e-05,-3.107773255112353e-05
broad,14.200000000000001,-7.651665454105624e-05,-3.12993871744197e-05
broad,14.225,-7.730192534149845e-05,-3.152234176533883e-05
broad,14.25,-7.809274807164683e-05,-3.174290798992691e-05
broad,14.275,-7.888906733375376e-05,-3.1962925784467686e-05
broad,14.3,-7.969089585958215e-05,-3.2182912239472185e-05
broad,14.325000000000001,-8.049818546542972e-05,-3.24000599322541e-05
broad,14.35,-8.131090894405997e-05,-3.261791453961645e-05
broad,14.375,-8.212905912705697e-05,-3.283345763481813e-05
broad,14.4,-8.295257113333588e-05,-3.304768173389957e-05
broad,14.425,-8.378144357829477e-05,-3.326167853196426e-05
broad,14.450000000000001,-8.461562477500844e-05,-3.347250395252528e-05
broad,14.475,-8.54550737532584e-05,-3.368345616145446e-05
broad,14.5,-8.629977394203036e-05,-3.3891869996777004e-05
broad,14.525,-8.714965257849202e-05,-3.409850425722115e-05
broad,14.55,-8.800469538382101e-05,-3.4304422922095127e-05
broad,14.575000000000001,-8.886484114854687e-05,-3.4506877460445406e-05
broad,14.6,-8.973004008563088e-05,-3.470896460049797e-05
broad,14.625,-9.060026129435914e-05,-3.490800768605691e-05
broad,14.65,-9.147542438984336e-05,-3.5105045276549176e-05
broad,14.675,-9.235550323128568e-05,-3.530064650345365e-05
broad,14.700000000000001,-9.324042242764624e-05,-3.549253563059828e-05
broad,14.725,-9.413012693041062e-05,-3.5683579181829176e-05
broad,14.75,-9.502456700319218e-05,-3.5870893516525147e-05
broad,14.775,-9.592365602141308e-05,-3.605614319675712e-05
broad,14.8,-9.682735475489674e-05,-3.623899757690855e-05
broad,14.825000000000001,-9.773557154644332e-05,-3.641803428028065e-05
broad,14.85,-9.864824799316594e-05,-3.6595603414068344e-05
broad,14.875,-9.956531103978227e-05,-3.6768753854546256e-05
broad,14.9,-0.00010048667119334388,-3.693982370730961e-05
broad,14.925,-0.00010141227150066751,-3.7107331987695766e-05
broad,14.950000000000001,-0.00010234200601705689,-3.7271148814557265e-05
broad,14.975,-0.00010327581150946803,-3.743254354341875e-05
broad,15.0,-0.00010421358900444945,-3.758908054157607e-05
broad,15.025,-0.00010515524999289747,-3.774331246422168e-05
broad,15.05,-0.00010610071244180987,-3.789280415812087e-05
broad,15.075000000000001,-0.00010704986287834898,-3.803888816136186e-05
broad,15.1,-0.00010800262609877877,-3.818119603865226e-05
broad,15.125,-0.00010895888024152637,-3.831867961304253e-05
broad,15.15,-0.00010991853761998336,-3.8453090276485485e-05
broad,15.175,-0.00011088148537433618,-3.858197131981966e-05
broad,15.200000000000001,-0.00011184761108081812,-3.8707510247319284e-05
broad,15.225,-0.00011281681544420519,-3.882779827349976e-05
broad,15.25,-0.00011378896464067821,-3.8943675948771934e-05
broad,15.275,-0.00011476396249744928,-3.9055043383978306e-05
broad,15.3,-0.00011574166861887262,-3.916084734110942e-05
broad,15.325000000000001,-0.00011672197363497124,-3.9262609735862763e-05
broad,15.35,-0.00011770474486161502,-3.935818339327026e-05
broad,15.375,-0.00011868984993473838,-3.944951099937659e-05
broad,15.4,-0.00011967716733771157,-3.9534712540126306e-05
broad,15.425,-0.0001206665446770726,-3.961485691548101e-05
broad,15.450000000000001,-0.00012165786303760192,-3.968937867611194e-05
broad,15.475,-0.00012265096199013894,-3.975779929997652e-05
broad,15.5,-0.00012364571213794177,-3.9821098975656484e-05
broad,15.525,-0.00012464195664403717,-3.987747965613521e-05
broad,15.55,-0.00012563954720157616,-3.9928819180572586e-05
broad,15.575000000000001,-0.00012663833470749413,-3.997297709382029e-05
broad,15.6,-0.0001276381521211042,-4.001156531843819e-05
broad,15.625,-0.00012863885418277135,-4.0043274096393934e-05
broad,15.65,-0.00012964026161540955,-4.0068455544066055e-05
broad,15.675,-0.00013064222512240868,-4.0087283684226e-05
broad,15.700000000000001,-0.00013164456138265536,-4.009864159003802e-05
broad,15.725,-0.00013264710948687324,-4.0103936131397984e-05
broad,15.75,-0.0001336496884692543,-4.010122230133308e-05
broad,15.775,-0.00013465212117298928,-4.009225028616685e-05
broad,15.8,-0.00013565423161979284,-4.007521390738618e-05
broad,15.825000000000001,-0.00013665582621085536,-4.0051324133375705e-05
broad,15.85,-0.00013765673180179963,-4.001959950618436e-05
broad,15.875,-0.00013865674290585684,-3.998027303266554e-05
broad,15.9,-0.00013965568301502472,-3.9933389745433544e-05
broad,15.925,-0.0001406533420402382,-3.987819676519905e-05
broad,15.950000000000001,-0.00014164953307622011,-3.981563132955389e-05
broad,15.975,-0.00014264404753246842,-3.974419832558302e-05
broad,16.0,-0.0001436366840800255,-3.966538607196176e-05
carrier,0.0,0.0,0.0
carrier,0.025,0.0,0.0
carrier,0.05,0.0,0.0
carrier,0.075,0.0,0.0
carrier,0.1,0.0,0.0
carrier,0.125,0.0,0.0
carrier,0.15,0.0,0.0
carrier,0.17500000000000002,0.0,0.0
carrier,0.2,0.0,0.0
carrier,0.225,0.0,0.0
carrier,0.25,0.0,0.0
carrier,0.275,0.0,0.0
carrier,0.3,0.0,0.0
carrier,0.325,0.0,0.0
carrier,0.35000000000000003,0.0,0.0
carrier,0.375,0.0,0.0
carrier,0.4,0.0,0.0
carrier,0.425,0.0,0.0
carrier,0.45,0.0,0.0
carrier,0.47500000000000003,0.0,0.0
carrier,0.5,0.0,0.0
carrier,0.525,0.0,0.0
carrier,0.55,0.0,0.0
carrier,0.5750000000000001,0.0,0.0
carrier,0.6,0.0,0.0
carrier,0.625,0.0,0.0
carrier,0.65,0.0,0.0
carrier,0.675,0.0,0.0
carrier,0.7000000000000001,0.0,0.0
carrier,0.725,0.0,0.0
carrier,0.75,0.0,0.0
carrier,0.775,0.0,0.0
carrier,0.8,0.0,0.0
carrier,0.8250000000000001,0.0,0.0
carrier,0.85,0.0,0.0
carrier,0.875,0.0,0.0
carrier,0.9,0.0,0.0
carrier,0.925,0.0,0.0
carrier,0.9500000000000001,0.0,0.0
carrier,0.975,0.0,0.0
carrier,1.0,0.0,0.0
carrier,1.025,0.0,0.0
carrier,1.05,0.0,0.0
carrier,1.075,0.0,0.0
carrier,1.1,0.0,0.0
carrier,1.125,0.0,0.0
carrier,1.1500000000000001,0.0,0.0
carrier,1.175,0.0,0.0
carrier,1.2,0.0,0.0
carrier,1.225,0.0,0.0
carrier,1.25,0.0,0.0
carrier,1.2750000000000001,0.0,0.0
carrier,1.3,0.0,0.0
carrier,1.325,0.0,0.0
carrier,1.35,0.0,0.0
carrier,1.375,0.0,0.0
carrier,1.4000000000000001,0.0,0.0
carrier,1.425,0.0,0.0
carrier,1.45,0.0,0.0
carrier,1.475,0.0,0.0
carrier,1.5,0.0,0.0
carrier,1.5250000000000001,0.0,0.0
carrier,1.55,0.0,0.0
carrier,1.575,0.0,0.0
carrier,1.6,0.0,0.0
carrier,1.625,0.0,0.0
carrier,1.6500000000000001,0.0,0.0
carrier,1.675,0.0,0.0
carrier,1.7,0.0,0.0
carrier,1.725,0.0,0.0
carrier,1.75,0.0,0.0
carrier,1.7750000000000001,0.0,0.0
carrier,1.8,0.0,0.0
carrier,1.825,0.0,0.0
carrier,1.85,-0.0,-6.4e-323
carrier,1.875,-1.205e-320,-5.46751e-318
carrier,1.9000000000000001,-8.7624493e-316,-3.9129334629e-313
carrier,1.925,-5.3533689029526e-311,-2.3530004098304424e-308
carrier,1.95,-2.760445615896847e-306,-1.1944692271364304e-303
carrier,1.975,-1.2067622637595514e-301,-5.14159795210079e-299
carrier,2.0,-4.491692979882898e-297,-1.8847057637212178e-294
carrier,2.025,-1.42928783251858e-292,-5.907227890437414e-290
carrier,2.05,-3.903470154138364e-288,-1.5893368463950413e-285
carrier,2.075,-9.184020499946854e-284,-3.684399792496032e-281
carrier,2.1,-1.8682196061582786e-279,-7.385769610036125e-277
carrier,2.125,-3.29712245779233e-275,-1.2846931697673226e-272
carrier,2.15,-5.065162516248987e-271,-1.9454245363334e-268
carrier,2.1750000000000003,-6.794933851595275e-267,-2.572887197380976e-264
carrier,2.2,-7.984344918962557e-263,-2.9808829770866157e-260
carrier,2.225,-8.24201261213746e-259,-3.0343279426805284e-256
carrier,2.25,-7.495430070483368e-255,-2.721452951698822e-252
carrier,2.275,-6.021609377488311e-251,-2.1564596570611415e-248
carrier,2.3000000000000003,-4.284707024500002e-247,-1.5136376585688798e-244
carrier,2.325,-2.7072008328156487e-243,-9.434937280188111e-241
carrier,2.35,-1.5225422037017207e-239,-5.235396488940195e-237
carrier,2.375,-7.639919758902983e-236,-2.592226613425074e-233
carrier,2.4,-3.428183176893884e-232,-1.1478699812307968e-229
carrier,2.4250000000000003,-1.378624312254685e-228,-4.5557313259846384e-226
carrier,2.45,-4.9791221066936914e-225,-1.6239994123748908e-222
carrier,2.475,-1.618346701514499e-221,-5.2102852683766246e-219
carrier,2.5,-4.743069388806916e-218,-1.507442378407346e-215
carrier,2.525,-1.255871333640833e-214,-3.9404946252694755e-212
carrier,2.5500000000000003,-3.009746393199801e-211,-9.323769019000139e-209
carrier,2.575,-6.540168307779229e-208,-2.0004921678828673e-205
carrier,2.6,-1.2908397917060972e-204,-3.8988417395233247e-202
carrier,2.625,-2.3179618329863377e-201,-6.913732927425315e-199
carrier,2.65,-3.793095888082016e-198,-1.1172996699383217e-195
carrier,2.6750000000000003,-5.665209251172864e-195,-1.6481114890392464e-192
carrier,2.7,-7.734503700590403e-192,-2.2223984245372783e-189
carrier,2.725,-9.66679911841318e-189,-2.7435563426079096e-186
carrier,2.75,-1.1076089958068624e-185,-3.1051395134578047e-183
carrier,2.775,-1.1650504834633522e-182,-3.2264389027500365e-180
carrier,2.8000000000000003,-1.1265236871571555e-179,-3.081928656414011e-177
carrier,2.825,-1.0026251618866023e-176,-2.7098347441746276e-174
carrier,2.85,-8.224095186112265e-174,-2.1959963637174593e-171
carrier,2.875,-6.224741069786865e-171,-1.6421783669868277e-168
carrier,2.9,-4.352661096436694e-168,-1.1345526557881429e-165
carrier,2.9250000000000003,-2.81507861741623e-165,-7.250121477686807e-163
carrier,2.95,-1.6858366717544007e-162,-4.2901093944575306e-160
carrier,2.975,-9.358428318728063e-160,-2.3532390749514685e-157
carrier,3.0,-4.8207255203484654e-157,-1.1978348513934455e-154
carrier,3.025,-2.3066966164016958e-154,-5.663782579730078e-152
carrier,3.0500000000000003,-1.026292153607527e-151,-2.4901632208419235e-149
carrier,3.075,-4.249869786305945e-149,-1.0190167239702301e-146
carrier,3.1,-1.6395101504910052e-146,-3.8848644462637933e-144
carrier,3.125,-5.897728650663046e-144,-1.3810481817495658e-141
carrier,3.15,-1.9800441367689612e-141,-4.582119728503396e-139
carrier,3.1750000000000003,-6.2095598359360356e-139,-1.4201170972146074e-136
carrier,3.2,-1.820575295790226e-136,-4.1147840380325017e-134
carrier,3.225,-4.994295814770194e-134,-1.1155525440960358e-131
carrier,3.25,-1.2829323402817555e-131,-2.8320323857197252e-129
carrier,3.275,-3.088400905073269e-129,-6.737630183919446e-127
carrier,3.3000000000000003,-6.97254476484704e-127,-1.5032914938417125e-124
carrier,3.325,-1.4773893726635045e-124,-3.1479194391453665e-122
carrier,3.35,-2.9400464967397525e-122,-6.1909449966376234e-120
carrier,3.375,-5.498826732121967e-120,-1.144308800788865e-117
carrier,3.4,-9.67242203573419e-118,-1.9891806468919565e-115
carrier,3.4250000000000003,-1.6011591423162329e-115,-3.254120043183394e-113
carrier,3.45,-2.4960004328213426e-113,-5.0129926228079966e-111
carrier,3.475,-3.666358138521148e-111,-7.276672572553039e-109
carrier,3.5,-5.077698318944168e-109,-9.958673872893669e-107
carrier,3.525,-6.634299919350171e-107,-1.2857496853788896e-104
carrier,3.5500000000000003,-8.182138087405714e-105,-1.5669090105987648e-102
carrier,3.575,-9.530646288486191e-103,-1.80344451889734e-100
carrier,3.6,-1.0490478318616215e-100,-1.9613985716580268e-98
carrier,3.625,-1.0917231487724229e-98,-2.016780875801368e-96
carrier,3.65,-1.0747177643024528e-96,-1.961555334097114e-94
carrier,3.6750000000000003,-1.0012788225181454e-94,-1.8055278844214353e-92
carrier,3.7,-8.832875238655998e-93,-1.5735340490198095e-90
carrier,3.725,-7.381374902051152e-91,-1.2990227662604058e-88
carrier,3.75,-5.8459643104507176e-89,-1.0162963620871885e-86
carrier,3.775,-4.389838098719249e-87,-7.538333514466443e-85
carrier,3.8000000000000003,-3.1267863617615113e-85,-5.3035202071777266e-83
carrier,3.825,-2.11340864750462e-83,-3.540493459890485e-81
carrier,3.85,-1.3560537321767231e-81,-2.2435986751141328e-79
carrier,3.875,-8.26314752368165e-80,-1.350124756554094e-77
carrier,3.9,-4.783556247600377e-78,-7.718092906864552e-76
carrier,3.9250000000000003,-2.6317778299068152e-76,-4.192837828808034e-74
carrier,3.95,-1.3765480901219004e-74,-2.1652961111001723e-72
carrier,3.975,-6.847357074887256e-73,-1.0633630794461545e-70
carrier,4.0,-3.240293683725929e-71,-4.967518784026789e-69
carrier,4.025,-1.4591865101136495e-69,-2.2081292825323915e-67
carrier,4.05,-6.2550728651717e-68,-9.34253431428726e-66
carrier,4.075,-2.5531368420962366e-66,-3.763424076202379e-64
carrier,4.1,-9.925580761699317e-65,-1.4437691634724851e-62
carrier,4.125,-3.6761465114208187e-63,-5.276200464532398e-61
carrier,4.15,-1.2974620654472664e-61,-1.8372210495731424e-59
carrier,4.175,-4.3648208729093866e-60,-6.097063465012232e-58
carrier,4.2,-1.3999354655325513e-58,-1.9288421149912162e-56
carrier,4.225,-4.2816817537230274e-57,-5.8181067402163465e-55
carrier,4.25,-1.2490374960325996e-55,-1.673643633523737e-53
carrier,4.275,-3.4759716552843356e-54,-4.592220307268136e-52
carrier,4.3,-9.2298902736774e-53,-1.2020922785672922e-50
carrier,4.325,-2.3388978515243683e-51,-3.0024791970759713e-49
carrier,4.3500000000000005,-5.657051412414378e-50,-7.156749164233305e-48
carrier,4.375,-1.3061641544265595e-48,-1.6281947319084059e-46
carrier,4.4,-2.8793441862862957e-47,-3.535960857150496e-45
carrier,4.425,-6.060825206664959e-46,-7.331105143611364e-44
carrier,4.45,-1.2183193559342334e-44,-1.45123300704807e-42
carrier,4.4750000000000005,-2.3389728956464757e-43,-2.7431510044828495e-41
carrier,4.5,-4.289057406544004e-42,-4.951543244450025e-40
carrier,4.525,-7.512829454338076e-41,-8.535663584072987e-39
carrier,4.55,-1.2571204159114818e-39,-1.4052753035399218e-37
carrier,4.575,-2.0095682497228232e-38,-2.2096747617123168e-36
carrier,4.6000000000000005,-3.0689941940986656e-37,-3.318541121935213e-35
carrier,4.625,-4.4778091782157344e-36,-4.760149017892692e-34
carrier,4.65,-6.241857000695181e-35,-6.521451657966163e-33
carrier,4.675,-8.312598748080526e-34,-8.533110361086551e-32
carrier,4.7,-1.05760620304794e-32,-1.0663299346514677e-30
carrier,4.7250000000000005,-1.2854579114953233e-31,-1.2725397830800222e-29
carrier,4.75,-1.492498358627542e-30,-1.4501513041092734e-28
carrier,4.775,-1.6552365289973224e-29,-1.5778875996414408e-27
carrier,4.8,-1.7533026857401434e-28,-1.6391165468023567e-26
carrier,4.825,-1.773604872730362e-27,-1.6253844286467022e-25
carrier,4.8500000000000005,-1.7131848805650946e-26,-1.5383215590345363e-24
carrier,4.875,-1.5799182434170075e-25,-1.389330525050236e-23
carrier,4.9,-1.3908319759305645e-24,-1.1971373125797985e-22
carrier,4.925,-1.168534795017589e-23,-9.83929868992848e-22
carrier,4.95,-9.367915984698719e-23,-7.711816755343637e-21
carrier,4.9750000000000005,-7.164333790910478e-22,-5.762359243003532e-20
carrier,5.0,-5.225483200899732e-21,-4.103563181624e-19
carrier,5.025,-3.6338745284983034e-20,-2.7841448309649645e-18
carrier,5.05,-2.4086258998836325e-19,-1.7989992706345498e-17
carrier,5.075,-1.5211617133871676e-18,-1.1066291606186687e-16
carrier,5.1000000000000005,-9.150095276393742e-18,-6.47757819117084e-16
carrier,5.125,-5.2401527084972926e-17,-3.606227140109786e-15
carrier,5.15,-2.855880094629861e-16,-1.9085153195317144e-14
carrier,5.175,-1.4804999847977198e-15,-9.596070236392967e-14
carrier,5.2,-7.29673444139836e-15,-4.581197136163099e-13
carrier,5.2250000000000005,-3.4171479085179206e-14,-2.0752160940276234e-12
carrier,5.25,-1.519712203011796e-13,-8.913221556015574e-12
carrier,5.275,-6.414344153884459e-13,-3.6270838070987794e-11
carrier,5.3,-2.5677429313498986e-12,-1.3972429596257009e-10
carrier,5.325,-9.742245997168125e-12,-5.09087839109467e-10
carrier,5.3500000000000005,-3.500750550117044e-11,-1.7527109588485985e-09
carrier,5.375,-1.1905097996949546e-10,-5.696283912078743e-09
carrier,5.4,-3.828624080954497e-10,-1.745754492958325e-08
carrier,5.425,-1.1634768098821847e-09,-5.039833600821754e-08
carrier,5.45,-3.338515046979059e-09,-1.369038534402143e-07
carrier,5.4750000000000005,-9.039111201971236e-09,-3.495541166716802e-07
carrier,5.5,-2.307862210769546e-08,-8.380598220185557e-07
carrier,5.525,-5.553978635233956e-08,-1.8850488063583618e-06
carrier,5.55,-1.2595159232535943e-07,-3.975508351713327e-06
carrier,5.575,-2.691798915654837e-07,-7.859565840463395e-06
carrier,5.6000000000000005,-5.424353454492592e-07,-1.457209785019379e-05
carrier,5.625,-1.0318120153693871e-06,-2.537037935383016e-05
carrier,5.65,-1.8560858757656011e-06,-4.157994363850521e-05
carrier,5.675,-3.1659636832658747e-06,-6.439862846922545e-05
carrier,5.7,-5.138960290555621e-06,-9.47615206798748e-05
carrier,5.7250000000000005,-7.972639522795644e-06,-0.00013335257747282395
carrier,5.75,-1.1879875481590688e-05,-0.00018073849027680253
carrier,5.775,-1.7087519029749465e-05,-0.00023747753909471474
carrier,5.8,-2.3835897293106934e-05,-0.00030406565268136247
carrier,5.825,-3.237512518182832e-05,-0.00038076042187388485
carrier,5.8500000000000005,-4.295755542512611e-05,-0.0004674832157886073
carrier,5.875,-5.583016889586005e-05,-0.0005639088335600407
carrier,5.9,-7.123017696183033e-05,-0.0006695910613587458
carrier,5.925,-8.938184846200313e-05,-0.0007839171542295497
carrier,5.95,-0.0001104904237706237,-0.000905958391343732
carrier,5.9750000000000005,-0.00013473368571459025,-0.0010344643335727587
carrier,6.0,-0.00016225561255760732,-0.0011680026291875105
carrier,6.025,-0.00019316260476975544,-0.001304985496232837
carrier,6.05,-0.00022751813129158507,-0.0014435472507916159
carrier,6.075,-0.0002653352379357541,-0.0015815374248807639
carrier,6.1000000000000005,-0.0003065711420894694,-0.001716660756341037
carrier,6.125,-0.0003511242510259384,-0.0018464925311990881
carrier,6.15,-0.00039882961785895455,-0.0019683800909159263
carrier,6.175,-0.0004494535317654722,-0.0020795004466479757
carrier,6.2,-0.0005026910431299559,-0.002176986105100898
carrier,6.2250000000000005,-0.0005581646178389614,-0.002257880271473336
carrier,6.25,-0.000615421128665199,-0.0023191040271422357
carrier,6.275,-0.0006739302959988893,-0.0023575872144214467
carrier,6.3,-0.000733085791565285,-0.0023703049764449403
carrier,6.325,-0.0007922054627332325,-0.002354215508244071
carrier,6.3500000000000005,-0.0008505317427636415,-0.0023063535585728678
carrier,6.375,-0.0009072349802327703,-0.0022239149370273767
carrier,6.4,-0.000961416807008822,-0.0021041995872293673
carrier,6.425,-0.0010121131081377778,-0.0019446720153412005
carrier,6.45,-0.0010582996570842685,-0.0017430608500497023
carrier,6.4750000000000005,-0.0010988982619778386,-0.0014973112852609178
carrier,6.5,-0.0011327823349292483,-0.0012056283304312098
carrier,6.525,-0.0011587848192040706,-0.0008665718079789804
carrier,6.55,-0.0011757066199317159,-0.00047900991983090775
carrier,6.575,-0.001182324446602979,-4.215910745654985e-05
carrier,6.6000000000000005,-0.0011774007579073646,0.00044433823290833987
carrier,6.625,-0.0011596938270986205,0.0009804665761905412
carrier,6.65,-0.0011279673211422084,0.0015657913669027937
carrier,6.675,-0.001081001696920994,0.0021994110260734035
carrier,6.7,-0.0010176050952976487,0.0028800157451471567
carrier,6.7250000000000005,-0.0009366240077609235,0.00360583255271705
carrier,6.75,-0.0008369552725667125,0.004374619977180908
carrier,6.775,-0.0007175569220248353,0.005183721208958256
carrier,6.8,-0.0005774592075211882,0.00603000892363236
carrier,6.825,-0.00041577610361906783,0.006909928650655939
carrier,6.8500000000000005,-0.00023171531800450065,0.007819527821173258
carrier,6.875,-2.4588810320719957e-05,0.008754424418504646
carrier,6.9,0.00020617737208337362,0.009709885232305074
carrier,6.925,0.00046103451455019545,0.010680821976326537
carrier,6.95,0.0007403023171062762,0.01166181261993437
carrier,6.9750000000000005,0.0010441616734962497,0.012647176507924494
carrier,7.0,0.0013726480164447544,0.013630959233358993
carrier,7.025,0.0017256452493554547,0.014607010438111717
carrier,7.05,0.0021028815564661262,0.015569018384381739
carrier,7.075,0.0025039253800172414,0.016510531041036176
carrier,7.1000000000000005,0.002928183151938182,0.017425046472625914
carrier,7.125,0.0033748981405656857,0.018306015815086608
carrier,7.15,0.0038431500641857145,0.01914692252129907
carrier,7.175,0.004331856733042472,0.019941328097940216
carrier,7.2,0.0048397761409863845,0.020682901791050305
carrier,7.2250000000000005,0.005365510384064168,0.02136550876544021
carrier,7.25,0.005907510684019653,0.021983218433292935
carrier,7.275,0.006464083366968888,0.02253038597122862
carrier,7.3,0.007033397651079937,0.02300168529819254
carrier,7.325,0.007613493872573924,0.023392148475263882
carrier,7.3500000000000005,0.008202293478495323,0.023697233577891257
carrier,7.375,0.008797609669558008,0.023912830612100613
carrier,7.4,0.009397159107830424,0.024035335953599985
carrier,7.425,0.009998574778928388,0.024061657570025107
carrier,7.45,0.010599419179945365,0.023989262137557744
carrier,7.4750000000000005,0.01119719885049157,0.0238162017257868
carrier,7.5,0.011789378920936622,0.023541121948773554
carrier,7.525,0.012373398649411482,0.02316330615061174
carrier,7.55,0.01294668709780728,0.022682657521098347
carrier,7.575,0.013506679108039888,0.022099739476579425
carrier,7.6000000000000005,0.014050831655393727,0.02141575364373399
carrier,7.625,0.014576639844574203,0.020632555765439823
carrier,7.65,0.015081653324258202,0.019752644142063264
carrier,7.675,0.01556349196072245,0.018779143046990247
carrier,7.7,0.01601986165822821,0.017715802435571203
carrier,7.7250000000000005,0.01644856935274839,0.01656695455372035
carrier,7.75,0.016847537651778297,0.015337515340827132
carrier,7.775,0.017214818729686287,0.014032927281085638
carrier,7.8,0.017548607317303865,0.012659150191108791
carrier,7.825,0.01784725303365285,0.011222603123566353
carrier,7.8500000000000005,0.018109271367717356,0.009730135948080216
carrier,7.875,0.018333353984955135,0.00818897809794476
carrier,7.9,0.018518377428016233,0.006606688837995228
carrier,7.925,0.01866341099559768,0.004991114635111873
carrier,7.95,0.018767722948539126,0.0033503218587661943
carrier,7.9750000000000005,0.01883078565795337,0.0016925602039299028
carrier,8.0,0.018852279153066812,2.6184990333579027e-05
carrier,8.025,0.01883209335396226,-0.0016403776980963482
carrier,8.05,0.018770328852228957,-0.003298711166192296
carrier,8.075,0.018667296163691397,-0.004940445136674471
carrier,8.1,0.0185235137001602,-0.006557331518897475
carrier,8.125,0.018339704088969955,-0.008141285776628903
carrier,8.15,0.01811678937428327,-0.009684453483260847
carrier,8.175,0.017855884549133637,-0.011179256167349149
carrier,8.2,0.01755829011316934,-0.012618445906522693
carrier,8.225,0.01722548304884808,-0.013995154093367322
carrier,8.25,0.016859106952385693,-0.015302933000042328
carrier,8.275,0.01646096075965851,-0.01653580484423315
carrier,8.3,0.016032986751659543,-0.017688290374506987
carrier,8.325,0.015577257398164198,-0.018755455215017324
carrier,8.35,0.015095961612653504,-0.019732926126845286
carrier,8.375,0.014591390132720644,-0.020616931744937287
carrier,8.4,0.014065920458283419,-0.021404307408202962
carrier,8.425,0.013522001226172876,-0.022092527893311013
carrier,8.45,0.012962136307127345,-0.022679701735458156
carrier,8.475,0.012388868656791745,-0.023164594241300535
carrier,8.5,0.01180476407029783,-0.02354661217247334
carrier,8.525,0.011212395001853722,-0.0238258160531607
carrier,8.55,0.010614324480455739,-0.02400289604342431
carrier,8.575000000000001,0.010013090384591002,-0.024079173259738795
carrier,8.6,0.009411190009295075,-0.02405656766649339
carrier,8.625,0.008811065261048055,-0.023937588751519988
carrier,8.65,0.008215088336066345,-0.023725296321421365
carrier,8.675,0.007625548263740674,-0.023423281397370755
carrier,8.700000000000001,0.0070446381102880285,-0.023035620902484847
carrier,8.725,0.006474443248232523,-0.022566850060866554
carrier,8.75,0.00591693044033246,-0.02202191209305559
carrier,8.775,0.00537393814942328,-0.021406123716596392
carrier,8.8,0.004847167787238503,-0.02072512109591505
carrier,8.825000000000001,0.004338176305720241,-0.01998482026234688
carrier,8.85,0.0038483698166434837,-0.01919136067678225
carrier,8.875,0.00337899862495905,-0.018351062518377658
carrier,8.9,0.002931153340921277,-0.017470369295408045
carrier,8.925,0.002505762431138412,-0.016555804001543807
carrier,8.950000000000001,0.00210359085826017,-0.015613912241367739
carrier,8.975,0.0017252401392941717,-0.014651219226862454
carrier,9.0,0.0013711494619462593,-0.013674174863361118
carrier,9.025,0.001041598155562582,-0.012689113461840816
carrier,9.05,0.0007367091509876521,-0.011702202157838697
carrier,9.075000000000001,0.0004564536902508559,-0.010719405052894478
carrier,9.1,0.00020065692119735154,-0.009746436216026807
carrier,9.125,-3.099539941476361e-05,-0.008788729746170034
carrier,9.15,-0.00023894945163937514,-0.007851398440194396
carrier,9.175,-0.00042377496233031653,-0.006939210993603932
carrier,9.200000000000001,-0.0005861562212637393,-0.006056557220380101
carrier,9.225,-0.0007268823594863547,-0.005207433289480345
carrier,9.25,-0.0008468372075349481,-0.004395414160583733
carrier,9.275,-0.0009469886321994698,-0.003623647398690239
carrier,9.3,-0.0010283776356809213,-0.002894833257443877
carrier,9.325000000000001,-0.0010921071605234987,-0.0022112272345012523
carrier,9.35,-0.001139330840478876,-0.0015746280017203964
carrier,9.375,-0.0011712416874764414,-0.0009863884725586857
carrier,9.4,-0.0011890609015549876,-0.00044741155575399365
carrier,9.425,-0.0011940268423583239,4.183088170004314e-05
carrier,9.450000000000001,-0.0011873842872199912,0.0004812946676793833
carrier,9.475,-0.0011703740634560246,0.0008713374485637494
carrier,9.5,-0.0011442231115700193,0.0012127081677703387
carrier,9.525,-0.0011101351147905223,0.0015065155824514301
carrier,9.55,-0.0010692816799225894,0.001754211156064309
carrier,9.575000000000001,-0.0010227942488934257,0.0019575535366681855
carrier,9.6,-0.0009717566549587304,0.0021185856082238767
carrier,9.625,-0.0009171985396826714,0.00223959667756615
carrier,9.65,-0.0008600894793019556,0.0023230945786808627
carrier,9.675,-0.0008013340621570636,0.0023717673909133537
carrier,9.700000000000001,-0.0007417677115529228,0.0023884516412816087
carrier,9.725,-0.0006821535060487729,0.0023760953347984337
carrier,9.75,-0.0006231797537887129,0.0023377234570896577
carrier,9.775,-0.0005654585642967628,0.0022764039331309625
carrier,9.8,-0.0005095251576741117,0.0021952117957259863
carrier,9.825000000000001,-0.0004558381247263629,0.002097199407387008
carrier,9.85,-0.0004047803852756091,0.0019853608204614156
carrier,9.875,-0.00035666100656213607,0.0018626072189920108
carrier,9.9,-0.00031171766070845326,0.0017317331327986886
carrier,9.925,-0.0002701198121375895,0.0015953976187606782
carrier,9.950000000000001,-0.00023197246727490643,0.0014560940717797388
carrier,9.975,-0.0001973204925617936,0.0013161372188547143
carrier,10.0,-0.00016615340188976335,0.0011776382540692018
carrier,10.025,-0.0001384105294746276,0.0010424973236865189
carrier,10.05,-0.00011398656412742377,0.0009123855578015818
carrier,10.075000000000001,-9.273727696309228e-05,0.0007887424394788111
carrier,10.1,-7.4485487960753e-05,0.0006727659791114273
carrier,10.125,-5.902703768761816e-05,0.0005654142310482583
carrier,10.15,-4.613686185246877e-05,0.00046740434626747545
carrier,10.175,-3.557489871055981e-05,0.0003792175454784402
carrier,10.200000000000001,-2.709195212937927e-05,0.00030110711480418016
carrier,10.225,-2.0435241186030535e-05,0.0002331063504085895
carrier,10.25,-1.5353751450956954e-05,0.00017504480431989672
carrier,10.275,-1.1603158493790812e-05,0.00012655904773502445
carrier,10.3,-8.95039824862989e-06,8.711579028650155e-05
carrier,10.325000000000001,-7.177726287985307e-06,5.602578925094663e-05
carrier,10.35,-6.086271659883055e-06,3.2472209577305804e-05
carrier,10.375,-5.4990116650607234e-06,1.552890348820634e-05
carrier,10.4,-5.26307944325068e-06,4.193254690455386e-06
carrier,10.425,-5.251394283140182e-06,-2.5880420767927138e-06
carrier,10.450000000000001,-5.363408532950353e-06,-5.879806388951834e-06
carrier,10.475,-5.524972186017302e-06,-6.719543428006636e-06
carrier,10.5,-5.686998376822994e-06,-6.068377783456373e-06
carrier,10.525,-5.822939434989983e-06,-4.757068654382212e-06
carrier,10.55,-5.9248185903150415e-06,-3.433725332310923e-06
carrier,10.575000000000001,-5.9980696119346765e-06,-2.5155522767139965e-06
carrier,10.6,-6.055455559408712e-06,-2.1721432756487572e-06
carrier,10.625,-6.110973940897105e-06,-2.3392342692773725e-06
carrier,10.65,-6.174818167096957e-06,-2.7921498312906775e-06
carrier,10.675,-6.250599945708257e-06,-3.2500778218549467e-06
carrier,10.700000000000001,-6.33556523351638e-06,-3.5023286409023608e-06
carrier,10.725,-6.423459387596208e-06,-3.4896463632976353e-06
carrier,10.75,-6.508664640146361e-06,-3.313773148046059e-06
carrier,10.775,-6.589303803389922e-06,-3.1548525117298835e-06
carrier,10.8,-6.667705898819719e-06,-3.147072791184039e-06
carrier,10.825000000000001,-6.747976614060032e-06,-3.2929331396031657e-06
carrier,10.85,-6.8326543628580275e-06,-3.4749902568509196e-06
carrier,10.875,-6.92094751638761e-06,-3.5669732569759974e-06
carrier,10.9,-7.009974019669991e-06,-3.540258804378108e-06
carrier,10.925,-7.0977083154260834e-06,-3.4835757308270784e-06
carrier,10.950000000000001,-7.18480280092441e-06,-3.5016510475582123e-06
carrier,10.975,-7.273568335478612e-06,-3.6089754748380725e-06
carrier,11.0,-7.365282120979793e-06,-3.7203336441356903e-06
carrier,11.025,-7.4589338926518405e-06,-3.757496017576165e-06
carrier,11.05,-7.5526896709820014e-06,-3.741020353159818e-06
carrier,11.075000000000001,-7.646260442022001e-06,-3.755856572496018e-06
carrier,11.1,-7.741082116795495e-06,-3.838507286058045e-06
carrier,11.125,-7.838258268618533e-06,-3.930012088939675e-06
carrier,11.15,-7.937105712289866e-06,-3.967417353286215e-06
carrier,11.175,-8.036330848960045e-06,-3.971339632042671e-06
carrier,11.200000000000001,-8.136001181494967e-06,-4.011839634126349e-06
carrier,11.225,-8.23731219652754e-06,-4.09630733092053e-06
carrier,11.25,-8.340662467704738e-06,-4.1637231649962245e-06
carrier,11.275,-8.445104428663402e-06,-4.1870402042659485e-06
carrier,11.3,-8.550058222931084e-06,-4.215285781133626e-06
carrier,11.325000000000001,-8.65625600867042e-06,-4.286382725347557e-06
carrier,11.35,-8.764400128799635e-06,-4.360509508810408e-06
carrier,11.375,-8.873951495820691e-06,-4.397854366153866e-06
carrier,11.4,-8.984233733016478e-06,-4.428848073604132e-06
carrier,11.425,-9.095716318868803e-06,-4.495202395289048e-06
carrier,11.450000000000001,-9.209055960443711e-06,-4.568672067493936e-06
carrier,11.475,-9.323864937068698e-06,-4.610928672386943e-06
carrier,11.5,-9.439568216802256e-06,-4.649278456015158e-06
carrier,11.525,-9.55660170827357e-06,-4.717682381225109e-06
carrier,11.55,-9.675470363692865e-06,-4.787958295017855e-06
carrier,11.575000000000001,-9.795742584940704e-06,-4.830592486908715e-06
carrier,11.6,-9.917053122302096e-06,-4.878691272521068e-06
carrier,11.625,-1.003990541095533e-05,-4.951831696397739e-06
carrier,11.65,-1.0164557925697692e-05,-5.015588791827921e-06
carrier,11.675,-1.029050182389093e-05,-5.0596534132762584e-06
carrier,11.700000000000001,-1.0417692324458447e-05,-5.12012267593812e-06
carrier,11.725,-1.0546641690797007e-05,-5.194940650185429e-06
carrier,11.75,-1.0677253519990059e-05,-5.250147923857367e-06
carrier,11.775,-1.0809118997547274e-05,-5.3018796515399394e-06
carrier,11.8,-1.0942538585217274e-05,-5.374341132791781e-06
carrier,11.825000000000001,-1.1077798144723958e-05,-5.442692940554345e-06
carrier,11.85,-1.1214517895329897e-05,-5.494696364096912e-06
carrier,11.875,-1.135266670875467e-05,-5.56089016435138e-06
carrier,11.9,-1.1492648597322713e-05,-5.636288709396206e-06
carrier,11.925,-1.163431776724144e-05,-5.6946479387143695e-06
carrier,11.950000000000001,-1.1777415832759578e-05,-5.756501449025704e-06
carrier,11.975,-1.1922283227781201e-05,-5.833481033747093e-06
carrier,12.0,-1.206898813508039e-05,-5.899663636098716e-06
carrier,12.025,-1.221720987584489e-05,-5.960130995239474e-06
carrier,12.05,-1.2367150605834658e-05,-6.036907864791506e-06
carrier,12.075000000000001,-1.2519008995077134e-05,-6.108992168314984e-06
carrier,12.1,-1.267250248657018e-05,-6.171028012472679e-06
carrier,12.125,-1.28276972898075e-05,-6.2472270540448624e-06
carrier,12.15,-1.2984859978733983e-05,-6.323368978102736e-06
carrier,12.175,-1.3143760739099025e-05,-6.3884861507845734e-06
carrier,12.200000000000001,-1.3304385955193481e-05,-6.464383739082742e-06
carrier,12.225,-1.3467014271372881e-05,-6.5438393170371036e-06
carrier,12.25,-1.3631464726867832e-05,-6.611762102551473e-06
carrier,12.275,-1.3797689197618294e-05,-6.688736482196797e-06
carrier,12.3,-1.3965947961405233e-05,-6.770491493907075e-06
carrier,12.325000000000001,-1.4136101920092893e-05,-6.841060550963377e-06
carrier,12.35,-1.430808562265812e-05,-6.920167360237901e-06
carrier,12.375,-1.4482147278622794e-05,-7.0033766945077565e-06
carrier,12.4,-1.4658159056229279e-05,-7.07683190060245e-06
carrier,12.425,-1.4836065460430443e-05,-7.1582253037938566e-06
carrier,12.450000000000001,-1.5016101715566301e-05,-7.242976975248894e-06
carrier,12.475,-1.5198127313891035e-05,-7.318910025511638e-06
carrier,12.5,-1.53821264672475e-05,-7.403121265239209e-06
carrier,12.525,-1.556830249880277e-05,-7.4892234420602074e-06
carrier,12.55,-1.575650602866625e-05,-7.567376439613232e-06
carrier,12.575000000000001,-1.5946766758347705e-05,-7.6551153713155e-06
carrier,12.6,-1.6139248232303184e-05,-7.741694448749927e-06
carrier,12.625,-1.6333796103627547e-05,-7.822850843631167e-06
carrier,12.65,-1.6530488405325395e-05,-7.913799198429561e-06
carrier,12.675,-1.6729441201170825e-05,-8.000566017580052e-06
carrier,12.700000000000001,-1.6930499407152292e-05,-8.085536297732267e-06
carrier,12.725,-1.7133798830207908e-05,-8.178845882693477e-06
carrier,12.75,-1.7339381371962867e-05,-8.266191616700033e-06
carrier,12.775,-1.7547124331889673e-05,-8.35526170953746e-06
carrier,12.8,-1.7757202818073943e-05,-8.45029941756687e-06
carrier,12.825000000000001,-1.7969570619546897e-05,-8.538570359980303e-06
carrier,12.85,-1.818418230397363e-05,-8.63214006249583e-06
carrier,12.875,-1.840119971308458e-05,-8.727878256204098e-06
carrier,12.9,-1.8620516445712843e-05,-8.817997258980946e-06
carrier,12.925,-1.8842179832570317e-05,-8.916045107946596e-06
carrier,12.950000000000001,-1.9066288017870953e-05,-9.011248321216195e-06
carrier,12.975,-1.9292727219956797e-05,-9.10516150480569e-06
carrier,13.0,-1.952161735831249e-05,-9.206062334962477e-06
carrier,13.025,-1.9752965719670698e-05,-9.30095443128487e-06
carrier,13.05,-1.9986708573501534e-05,-9.400057483971083e-06
carrier,13.075000000000001,-2.0222988673121298e-05,-9.50137631467459e-06
carrier,13.1,-2.046172883439069e-05,-9.59806630191497e-06
carrier,13.125,-2.0702961822579246e-05,-9.701632490010938e-06
carrier,13.15,-2.0946777061903595e-05,-9.802210833039006e-06
carrier,13.175,-2.119307475460682e-05,-9.903010411324424e-06
carrier,13.200000000000001,-2.144197527484867e-05,-1.0008701246397638e-05
carrier,13.225,-2.1693459041413565e-05,-1.0109523356252444e-05
carrier,13.25,-2.1947499723684405e-05,-1.0215183191328783e-05
carrier,13.275,-2.220421578259017e-05,-1.0320762149681778e-05
carrier,13.3,-2.246351496058411e-05,-1.0424211911889096e-05
carrier,13.325000000000001,-2.272548245917799e-05,-1.0533281350017659e-05
carrier,13.35,-2.2990136463288957e-05,-1.0638293274410159e-05
carrier,13.375,-2.3257426714495947e-05,-1.0746374160069091e-05
carrier,13.4,-2.352747081750899e-05,-1.0856012023159304e-05
carrier,13.425,-2.3800193366775665e-05,-1.0962569078607394e-05
carrier,13.450000000000001,-2.4075656000308466e-05,-1.1074689315224833e-05
carrier,13.475,-2.435389093029779e-05,-1.11833544080768e-05
carrier,13.5,-2.4634845078141195e-05,-1.1294285068925768e-05
carrier,13.525,-2.491862590188161e-05,-1.1407193184516338e-05
carrier,13.55,-2.5205168770404244e-05,-1.1516916170576747e-05
carrier,13.575000000000001,-2.5494527267895147e-05,-1.1631968174305392e-05
carrier,13.6,-2.578673010688819e-05,-1.1743632380406047e-05
carrier,13.625,-2.6081732134103322e-05,-1.1857678082963145e-05
carrier,13.65,-2.6379629250063767e-05,-1.1973167029004531e-05
carrier,13.675,-2.668035941782933e-05,-1.208597542946995e-05
carrier,13.700000000000001,-2.6983980593905777e-05,-1.2203729593522275e-05
carrier,13.725,-2.7290505090586795e-05,-1.2317826269319911e-05
carrier,13.75,-2.7599903944862293e-05,-1.2435038142150463e-05
carrier,13.775,-2.7912258321924842e-05,-1.255241142098986e-05
carrier,13.8,-2.8227505779034475e-05,-1.26682504206637e-05
carrier,13.825000000000001,-2.85457150964532e-05,-1.2788190482939587e-05
carrier,13.85,-2.886687263274979e-05,-1.2904357985598724e-05
carrier,13.875,-2.919097528863696e-05,-1.3024496270811933e-05
carrier,13.9,-2.9518079722416027e-05,-1.3143069208394999e-05
carrier,13.925,-2.984813000583397e-05,-1.3261913317209898e-05
carrier,13.950000000000001,-3.01812018505426e-05,-1.3383179370550103e-05
carrier,13.975,-3.0517253448431394e-05,-1.3501356693341305e-05
carrier,14.0,-3.085631529013429e-05,-1.3623721640473855e-05
carrier,14.025,-3.11984050763165e-05,-1.374302434685792e-05
carrier,14.05,-3.154349092279487e-05,-1.386465176124048e-05
carrier,14.075000000000001,-3.18916369343206e-05,-1.3986201310805909e-05
carrier,14.1,-3.224278642035418e-05,-1.4106568287963818e-05
carrier,14.125,-3.2596998156086896e-05,-1.4229883437868555e-05
carrier,14.15,-3.295424365142551e-05,-1.4349938523724796e-05
carrier,14.175,-3.33145333947769e-05,-1.4473497967788054e-05
carrier,14.200000000000001,-3.3677891445811946e-05,-1.459459055463018e-05
carrier,14.225,-3.404427758955655e-05,-1.4717109960083682e-05
carrier,14.25,-3.44137497950905e-05,-1.4839812880568473e-05
carrier,14.275,-3.478625137045441e-05,-1.4961079487209085e-05
carrier,14.3,-3.516183176546939e-05,-1.5084830309926498e-05
carrier,14.325000000000001,-3.554045962698175e-05,-1.5205573111232636e-05
carrier,14.35,-3.592214203919325e-05,-1.532919828571391e-05
carrier,14.375,-3.6306892970084765e-05,-1.5450330926671804e-05
carrier,14.4,-3.669467340439253e-05,-1.557285094347528e-05
carrier,14.425,-3.708553013153048e-05,-1.5694781090311475e-05
carrier,14.450000000000001,-3.747940336817635e-05,-1.5815875030855385e-05
carrier,14.475,-3.787633927366783e-05,-1.593831017865205e-05
carrier,14.5,-3.827629249785298e-05,-1.605825650962786e-05
carrier,14.525,-3.867927720939161e-05,-1.618045339957769e-05
carrier,14.55,-3.9085284805596264e-05,-1.6299773441084698e-05
carrier,14.575000000000001,-3.94942868977973e-05,-1.6420920267902422e-05
carrier,14.6,-3.9906309228172555e-05,-1.654003079444218e-05
carrier,14.625,-4.03212945750651e-05,-1.6659525780033756e-05
carrier,14.65,-4.0739280673894544e-05,-1.677853728511715e-05
carrier,14.675,-4.116020795167927e-05,-1.6896120482185242e-05
carrier,14.700000000000001,-4.1584099562505335e-05,-1.701476349022843e-05
carrier,14.725,-4.201091600697534e-05,-1.7130538091447885e-05
carrier,14.75,-4.2440649958557055e-05,-1.724819687233359e-05
carrier,14.775,-4.287328970274221e-05,-1.7362530855432723e-05
carrier,14.8,-4.330879738486651e-05,-1.7478413953456797e-05
carrier,14.825000000000001,-4.374718238908826e-05,-1.75917001016387e-05
carrier,14.85,-4.418838740273841e-05,-1.7705129074006133e-05
carrier,14.875,-4.463242920227216e-05,-1.7817486125325845e-05
carrier,14.9,-4.507924514790332e-05,-1.7928153382908925e-05
carrier,14.925,-4.552884577386027e-05,-1.803926020953145e-05
carrier,14.950000000000001,-4.5981175145864675e-05,-1.8147265727516177e-05
carrier,14.975,-4.643622705840925e-05,-1.8256464703867905e-05
carrier,15.0,-4.6893960728919664e-05,-1.8362093026081922e-05
carrier,15.025,-4.735434664125644e-05,-1.8468684248420724e-05
carrier,15.05,-4.7817363098420254e-05,-1.8572103800657076e-05
carrier,15.075000000000001,-4.8282956140023116e-05,-1.8675588518120603e-05
carrier,15.1,-4.8751120602483e-05,-1.8776711541199165e-05
carrier,15.125,-4.922178418064073e-05,-1.887681325640023e-05
carrier,15.15,-4.969494850199583e-05,-1.8975376555893333e-05
carrier,15.175,-5.017053504633015e-05,-1.907190261190869e-05
carrier,15.200000000000001,-5.064853877940797e-05,-1.9167608543822516e-05
carrier,15.225,-5.112888766238994e-05,-1.926035612074171e-05
carrier,15.25,-5.161155934212492e-05,-1.935289298521717e-05
carrier,15.275,-5.209649533400774e-05,-1.944170008891013e-05
carrier,15.3,-5.2583652602468696e-05,-1.9530651007996006e-05
carrier,15.325000000000001,-5.30729858378028e-05,-1.961548154945777e-05
carrier,15.35,-5.35644341509661e-05,-1.970029222952755e-05
carrier,15.375,-5.4057961065055617e-05,-1.9781187924784162e-05
carrier,15.4,-5.455349216727002e-05,-1.9861295760279198e-05
carrier,15.425,-5.505099595071444e-05,-1.9938196778784617e-05
carrier,15.450000000000001,-5.555038738051011e-05,-2.0013211425972368e-05
carrier,15.475,-5.6051637281296706e-05,-2.008582944434386e-05
carrier,15.5,-5.655465279217034e-05,-2.015556818796061e-05
carrier,15.525,-5.70594031105321e-05,-2.0223454624890484e-05
carrier,15.55,-5.7565792749433795e-05,-2.028779373046674e-05
carrier,15.575000000000001,-5.8073782752005903e-05,-2.0350522513334002e-05
carrier,15.6,-5.8583281845641076e-05,-2.0409239613695676e-05
carrier,15.625,-5.909423660563271e-05,-2.04664926892424e-05
carrier,15.65,-5.960656441136782e-05,-2.0519277808749158e-05
carrier,15.675,-6.0120195317928254e-05,-2.0570749907718423e-05
carrier,15.700000000000001,-6.0635054667315764e-05,-2.061734651831016e-05
carrier,15.725,-6.115105868010849e-05,-2.0662615761682464e-05
carrier,15.75,-6.166813680902222e-05,-2.070288908191308e-05
carrier,15.775,-6.21861950836233e-05,-2.0741440745172906e-05
carrier,15.8,-6.270516441677478e-05,-2.0775268044869805e-05
carrier,15.825000000000001,-6.322494172557018e-05,-2.0806656608548156e-05
carrier,15.85,-6.374545950006717e-05,-2.083377019191675e-05
carrier,15.875,-6.426660487299532e-05,-2.0857718849399765e-05
carrier,15.9,-6.478831202387956e-05,-2.0877701491458058e-05
carrier,15.925,-6.531045949720794e-05,-2.089401201074912e-05
carrier,15.950000000000001,-6.5832980216686e-05,-2.0906452929500735e-05
carrier,15.975,-6.635574849286648e-05,-2.0914840949057755e-05
carrier,16.0,-6.687869102010201e-05,-2.0919454130000004e-05
