sample,condition_coframe,z,hessian_error,equation_error,lapse,shift_x
0,1.455925686944056,1.108058398639225,3.2724548282901457e-16,1.252093915143024e-16,1.0841915400879865,-0.12058306237690934
1,1.4553781124471596,1.1001848987915417,2.8241039783094536e-16,6.998359533289202e-17,0.9566590048132426,-0.11290649351926871
2,1.4979000187619909,1.0670102032932145,1.6737375368225722e-16,5.551115123125783e-17,1.1253054710486181,0.08066003880992113
3,1.2441133063206078,1.0579773093763662,3.3306690738754696e-16,5.551115123125783e-17,1.1406754229847116,0.09521415049463926
4,1.5055909436887018,1.0339640285109444,3.21867417190022e-16,1.1102230246251565e-16,1.1812729417462746,0.07289444801489578
5,1.3206997190576408,1.0781014278046326,3.0481820500933594e-16,4.948005477546231e-17,1.1292327698699438,0.15907161269289166
6,1.4128527982986003,1.0376196986049662,2.501350440820635e-16,7.234648163634152e-17,0.882755906689125,0.032279351203298
7,1.369944332233183,1.0820418031911556,3.0362473775173846e-16,1.1102230246251565e-16,0.8601129480004995,-0.11453111158726247
8,1.340701866567108,1.096505192451434,5.052127635479687e-16,1.8786902412805808e-16,0.9852235181013471,-0.06976618258318736
9,1.5113960421096562,1.0999591395764492,3.0312996630054046e-16,1.7395240343325542e-16,0.8664980732620887,-0.18289009889648938
10,1.2728311589650607,1.0961277221264931,4.963566327177468e-16,6.437526801351025e-17,0.9037467645940773,-0.00030123128324296934
11,1.2905755089148863,1.0362301109761936,3.618156399814172e-16,1.1102230246251565e-16,0.9188331625218564,0.02713240703257705
12,1.5189820353237045,1.0582058760631112,2.855114260135746e-16,6.510237419455532e-17,0.8248248189928079,0.057435950241142
13,1.482920215538799,1.054980117927081,3.3528854784717264e-16,2.1764182326341905e-17,1.0631680147282445,-0.026938080154682718
14,1.3808173197229345,1.032660214329833,5.820808247181647e-16,2.0305120699342113e-16,1.0754145943576603,-0.1512835713386246
15,1.2933449632332363,1.049829479662711,2.1137935443075446e-16,3.980723083074767e-17,1.055306364902549,-0.004764997313588509
16,1.6379781864516445,1.0765378773218848,1.5139475905618937e-16,1.1102230246251565e-16,0.8966809668531982,0.12301871911594471
17,1.3695518874051609,1.08985276100191,3.2602349431442054e-16,0.0,1.1236749467002198,0.10612583676038241
18,1.4097510056298632,1.0645494821283816,3.2300766235663086e-16,1.1102230246251565e-16,1.178725948971285,-0.07978735300913598
19,1.3034891626239806,1.0355522008629618,1.9777233830107812e-16,4.211866066377308e-17,0.9457289392999539,0.05711379550073009
20,1.449356652363131,1.0701781161035449,3.134186463702673e-16,1.1102230246251565e-16,0.9174626380661389,0.036688144223123054
21,1.4700338597460412,1.0719582851948757,4.567668649006608e-16,1.7135864328919963e-16,0.8573447609112226,-0.1223453102768794
22,1.5652070127807411,1.0385941888675831,1.5808046447357018e-16,4.796925017268734e-17,0.8598880886710565,-0.07185964510629732
23,1.2523630588086114,1.0244051025419838,5.637654130054605e-16,1.760167171660043e-16,1.0166258844622376,0.05662024983039332
24,1.2877121220103878,1.0137449611459952,4.440892098500626e-16,1.1102230246251565e-16,1.1060738764641411,-0.14762115448648494
25,1.4866745698631867,1.044922719268508,2.3057511265848027e-16,1.1102230246251565e-16,0.8688089003319037,0.19718954409506229
26,1.5211051379946847,1.0119290775975078,2.1223988909474725e-16,1.1102230246251565e-16,0.8030134148107981,-0.007421640485138688
27,1.459382465510101,1.0949626497342353,3.331243215106125e-16,1.1102230246251565e-16,0.949379974707581,0.041796082326497515
28,1.3772448556492083,1.0841315186131097,7.019767213508148e-16,1.0041464020471355e-16,1.1780340038272081,-0.019311188325017305
29,1.3229688449620307,1.0882165359634444,3.852568179798156e-16,1.6004671014750263e-16,1.1310133029066858,-0.03593565436896801
30,1.4259191677640275,1.135666415727277,3.843547515979428e-16,1.775752323120346e-16,0.8094886774963388,0.0010654652850946855
31,1.3676350973604414,1.08305004793415,3.4055442383434296e-16,1.806547238105093e-16,0.9113441611892166,-0.10271299361199945
32,1.5299239972520697,1.020915269964363,4.7414391748598e-16,1.865158373893054e-17,0.9687377486487659,0.14227013738267022
33,1.5119036145092395,1.0866746667307137,2.7047599606773886e-16,1.1858906121209626e-16,0.8135402136183554,-0.1784989575439319
34,1.4425141666427737,1.0603713238283599,2.8435686373239896e-16,9.22275336502476e-17,1.1451091049040119,0.11908437090466564
35,1.3962341776871228,1.0416093371340678,5.241194213800478e-16,2.220446049250313e-16,1.1425974646366717,-0.0017083450487848408
36,1.458537876689326,1.0992130981958987,2.8341281383170734e-16,3.474964408646635e-17,1.0310516000841348,-0.06807371239689879
37,1.4318328364245552,1.1029189504044001,3.845387056627011e-16,0.0,1.1430049314563437,-0.1647433890020034
38,1.36744820699436,1.0384467369524772,3.267885611185753e-16,7.491103046157183e-17,0.9526666693218993,-0.07318421253121045
39,1.362314626978595,1.0892872804145695,3.094879283472816e-16,1.08995267559091e-16,0.9375708761759257,-0.1580190849218448
40,1.462446198995161,1.0450692169733742,2.1731101825887602e-16,5.551115123125783e-17,1.1299580045144921,0.16147522817268653
41,1.4131924341247613,1.0210312872614746,4.831365104275135e-16,8.624864068082711e-17,1.0565719252450239,-0.12680888484961758
42,1.4198882488928202,1.0918690766293382,3.2339706915053167e-16,3.7607689014874766e-17,0.9647189123581865,-0.1540066252256411
43,1.4984603525262798,1.0757725260554898,1.7204633814488585e-16,1.0740596004062348e-16,0.9158389439161536,0.14210853858705588
44,1.5003564093157042,1.0568404856092701,3.4283079682727194e-16,1.4856317089506169e-16,0.9032532324797037,-0.043359868188882766
45,1.3321875317997407,1.0273863665819492,3.428269715524702e-16,2.13609174679526e-16,0.9985647154447218,-0.18076656576211797
46,1.4305437978636952,1.039454167484591,6.859839481673977e-16,0.0,0.8960031587720632,0.08497087077175683
47,1.3643139835890228,1.0685737129905355,4.792943431181979e-16,0.0,1.0424813941236466,-0.0002496541296334319
48,1.4399102046516499,1.114152356817521,5.779540962242595e-16,6.484996465163926e-17,0.8514690301388195,0.0272648614264206
49,1.3341786925682353,1.0994299618088184,3.787142196351348e-16,1.7458276664802708e-16,0.8660629760286622,-0.05512197812786066
50,1.2438226510121244,1.0992781206354993,2.1960744508119247e-16,1.4659320974832627e-16,1.0426948031887076,-0.0653947385243912
51,1.6190028108978334,1.0604766076446697,1.356312938750722e-16,5.788275602706421e-17,0.8048415452877095,-0.11567832185917692
52,1.3310077144462487,1.0504553573836428,3.435605543710852e-16,8.269824500601921e-17,0.9014784245258447,-0.056514671424524085
53,1.5368249002812668,1.0243254653510103,2.7909689134694125e-16,5.294086158520677e-17,0.9866493048345927,-0.1828048620326577
54,1.459199616068197,1.0631871160489768,3.1901087948986384e-16,3.4657369522002e-17,0.9783159018103048,-0.06748641437375782
55,1.2913571362217549,1.0714138429118245,1.881530492008903e-16,1.1102230246251565e-16,1.0447603540353114,-0.07666405728181959
56,1.4632334449806483,1.081007622554791,4.1556354414836366e-16,1.6094131997896553e-16,0.8212064632920266,0.05924034677775069
57,1.407081410391833,1.0339986747723617,4.932727341551052e-16,5.551115123125783e-17,1.0576446344324317,-0.009066065999249114
58,1.5234425173469797,1.060218754173096,2.9492762952878737e-16,1.1102230246251565e-16,1.0024172065998396,-0.019956189150022556
59,1.3831204373406176,1.0387474278079645,3.2317885212074153e-16,1.0597082422724348e-16,0.9614664302247116,-0.10666771597136575
60,1.6073604144811664,1.0675614099760238,2.889327963992496e-16,6.06266837368831e-17,0.833411987998466,-0.14853551986211952
61,1.3295803969129254,1.0597086434004523,2.1615728581431268e-16,1.1102230246251565e-16,0.82930147016399,0.0700052745122156
62,1.2634822920916886,1.0514940249335676,2.0046251392266787e-16,5.551115123125783e-17,1.1821717167775054,-0.0032097895193146935
63,1.659329038805403,1.0389120465435275,1.5148404390304995e-16,0.0,1.1807664779357423,0.18572389341049955
64,1.573930307186243,1.1065093440849276,2.93163988379793e-16,9.127347009911195e-17,0.9796777101071903,-0.01947346614476825
65,1.2400408335629665,1.0608191585555846,2.6464094189896473e-16,1.9059216083786508e-16,0.8927859115459594,0.04629437199294111
66,1.39966298770144,1.0217359756803102,3.082797537617974e-16,1.1102230246251565e-16,1.023423833330637,-0.13216417383390736
67,1.2448890917032707,1.0766106183326358,3.2280415479670436e-16,2.0420930088508874e-16,1.1034483018161776,-0.0025455514812131597
68,1.475326933786921,1.0573776035206928,2.681684688033424e-16,0.0,1.1516075716691447,0.1841503383901693
69,1.3647300004624154,1.0606034232064228,1.819514563233998e-16,0.0,0.932253811232919,0.10337668260813283
70,1.400596254164573,1.0646763445363094,7.43048673107928e-16,1.1102230246251565e-16,1.183738768930992,-0.128822644939723
71,1.4069499392677176,1.0384422637259487,3.141639525625779e-16,1.2590959081877943e-16,0.857105423459567,-0.013448105680788079
72,1.5126111047437383,1.0691212112150184,2.8666068415600017e-16,5.39775081629614e-17,1.0547066275125654,0.1297161410660585
73,1.3950327406714969,1.0873868729353429,3.5686108389216876e-16,5.913836133518471e-17,0.9744933073885176,0.08491216320632679
74,1.4228964181775474,1.0346130333277097,3.249298649505303e-16,5.529041062942875e-17,0.8567748235365904,-0.12721865035955174
75,1.3664646681543067,1.0703545981191032,2.277321200074841e-16,1.1102230246251565e-16,1.0699074521485876,0.09776917577987232
76,1.3185879511802705,1.0166042856682622,3.28441509109493e-16,2.029956811562481e-16,1.0839535677286491,0.1784765216579921
77,1.3512886116493013,1.1212955104842677,2.9309589274221744e-16,1.4717560525798462e-16,1.0027928682101046,-0.11781930183988001
78,1.3580647994264718,1.0991041225391491,2.3741931016731286e-16,1.1102230246251565e-16,1.0258457160601235,-0.08609418329435448
79,1.362958545928536,1.0539752147774688,3.069570488312862e-16,1.4971229331146656e-16,0.8535302034769017,-0.02161981749188166
80,1.512872749909983,1.0480258169371657,4.613481581936082e-16,4.935596937067824e-17,1.075364032310706,0.08325277339066671
81,1.3229016181447222,1.0811490395003882,3.209321702103856e-16,7.028636377960249e-17,0.9558451641112897,0.1118113396212895
82,1.4544479036740592,1.0536492022595774,1.3817363021986049e-16,9.494802528914503e-17,0.8097304896829401,0.10317141549318952
83,1.567319162463438,1.0676686771366561,1.805497871748191e-16,9.293227290547571e-17,1.116203849250632,0.00743021633580865
84,1.2891501765954967,1.048342649235269,5.439449785885231e-16,2.7755575615628914e-17,1.0255639415534858,0.17566779016620085
85,1.4820843891276168,1.12215768144728,4.869240452815867e-16,1.2751702113177124e-16,1.1032357052657424,0.09551684895045282
86,1.4067742708288276,1.056181576104335,3.311923415355333e-16,1.8905510327304737e-17,1.1097872502218544,-0.005476045029730427
87,1.4712808603824357,1.0700849746314682,4.0715802792842504e-16,1.9392669801656742e-17,0.9346902393098063,-0.06999183730183109
88,1.4763809452153738,1.0613426113291926,3.390342350523979e-16,5.2515255131687113e-17,1.118746732741681,0.10494615155936704
89,1.4275233464041226,1.1339169259289266,5.219691035307991e-16,1.1165581614702194e-16,1.0904854258797578,0.13032859699837193
90,1.4785959322672837,1.107873257552149,4.166044482561234e-16,1.0688436688788115e-16,1.1185281717780664,0.07240749582914123
91,1.4428183124625695,1.080513441022796,4.576038463307899e-16,1.4756833974649497e-16,0.945338135857961,0.08568878732836611
92,1.5549273211328218,1.0582021741190148,2.8566474889209976e-16,1.652619488703287e-16,0.9029413825999295,0.08006277761415892
93,1.3646168271261694,1.0803505856038271,3.770280290068921e-16,2.048563201417017e-16,1.0300768377150908,-0.1687639591510261
94,1.4046596492621128,1.0602326605960346,4.612332903835412e-16,1.0524255467336861e-16,0.8568014091410727,-0.16753037070249435
95,1.3613290153381967,1.0562931031929492,3.2997528131994914e-16,4.3619901250071244e-17,0.897884428013345,-0.003166542698646301
96,1.4310946454167464,1.0378108458648203,3.121920129319791e-16,1.6312056900928926e-16,0.8541514568137153,0.036511078981415805
97,1.4307099856952241,1.0790611421577532,5.103282907195044e-16,1.5387939905037536e-16,1.0484684336858674,-0.105621043885957
98,1.423040338177894,1.1004414922704926,3.4241418325027877e-16,6.244024917454145e-17,0.921137028497188,0.10795733765083176
99,1.5372395783825679,1.1768059851820005,5.322572469778815e-16,4.88386164074601e-16,0.8868660505587502,0.14543619539657784
100,1.3324818454201492,1.0437168944987378,2.3823983259383247e-16,1.3815556807505327e-16,1.0679389647001876,0.11154451736179916
101,1.4061464188112327,1.0371884575517918,3.1580484174625015e-16,1.7775045176339018e-16,1.0613627971843198,-0.1009558781922072
102,1.2385312557446322,1.1070798786206075,6.757913091096877e-16,2.220446049250313e-16,1.017884401630521,-0.04340112993579854
103,1.4853096480316887,1.0358399008305352,2.972494006072318e-16,1.9526078549838955e-16,0.8326676674160751,0.19666012279421638
104,1.448399431316443,1.0788667087765564,3.1381825265410443e-16,2.896534416853935e-17,1.1423463352769154,-0.1440950181108929
105,1.4159834727552303,1.0851672630456444,3.087929008264803e-16,1.3769310604325754e-16,0.8686541221378838,-0.044551046802787216
106,1.3587338281521246,1.1021134641570178,3.7293674028475255e-16,1.0215918379508581e-16,1.1828746290847074,-0.06933569788163808
107,1.409560002670638,1.0388713308381947,2.397285776532571e-16,2.1591196502233897e-16,0.9029530709638548,0.11273017501321912
108,1.3265861278254514,1.133988133380893,3.2186365290144673e-16,1.5278957820601825e-16,1.0609658195931075,0.19053730284024364
109,1.4110862170401135,1.0661453032737023,5.73470829790197e-16,1.876330409236007e-16,1.091120017027058,0.07100927758380826
110,1.3926386787589016,1.0848244538972267,3.828355018205521e-16,0.0,1.1651546616283093,-0.11849430217574551
111,1.338482020975274,1.1182780499607259,4.913991852170559e-16,6.865345051682808e-17,1.0247614070651,-0.13999405404318138
112,1.1724628061694193,1.056777657771795,4.000671850407357e-16,1.0234912282599991e-16,0.9899057886476417,-0.05775923522717494
113,1.4030173689075476,1.0779920746417235,6.577879998571865e-16,5.551115123125783e-17,0.9451657882331074,0.14560477718736614
114,1.3925360398018032,1.0819023858148196,3.095919294790649e-16,5.2280880571558154e-17,0.8755788793146491,-0.06282603666919487
115,1.6297501997924906,1.1048633454022083,2.867421566351322e-16,1.4960914304023752e-16,1.1704867408834057,0.049309949896657164
116,1.3798283141913814,1.0909760327936586,3.487941526210042e-16,0.0,1.1377911490857402,0.09123391023967825
117,1.3819218236805126,1.0586581343362367,4.488348716837326e-16,6.990347247143186e-17,1.0400991454344657,0.06544568429659965
118,1.3461120874419799,1.0614648280374857,3.694961003830599e-16,8.438662866812772e-17,1.1216193079185985,-0.06390647253787625
119,1.3466910769464782,1.093656148227316,2.9556932702873327e-16,1.4374072444546501e-16,0.8584678596316443,0.12873100755804484
120,1.5027145817321776,1.062689072198091,3.832597533194397e-16,2.167476971051692e-16,0.8565635668543943,-0.17677944566523393
121,1.5218909060288073,1.0631420444364224,3.120559194792865e-16,1.5866852274989037e-16,0.8643243513009814,-0.18156119138319046
122,1.2443051666888691,1.0357509709139785,4.0388177807263043e-16,1.034658288470329e-16,1.1169671695510845,0.05181410128686826
123,1.4097223820194682,1.1102582358891704,3.568934584025025e-16,1.0574949389472748e-16,1.0393500761339463,0.032385824411908626
124,1.3579801291722209,1.0649569691753298,2.735412728079148e-16,2.7755575615628914e-17,0.9352155502226119,0.11880023038430321
125,1.5134130215644093,1.1137873109055416,3.1946577256122745e-16,8.510180713259973e-17,1.007966581239852,0.19213198188712374
126,1.579436194149197,1.091508310829073,6.88022973833046e-16,8.054850803415424e-17,0.8224507074749767,0.14795390217832885
127,1.2700869759891507,1.0914885735190014,4.440892098500626e-16,1.1102230246251565e-16,1.1106855703271261,-0.027313619931322863
128,1.4231495297032912,1.0936015241525898,5.675485233399717e-16,1.1102230246251565e-16,1.1596508200293665,-0.07865254941751201
129,1.408377132825446,1.0462907301221664,2.56582068780332e-16,2.6007270746652783e-17,1.1793008345266485,-0.03266289070510083
130,1.4461639912187239,1.1137357768156122,3.1099107883788335e-16,1.5539240807120835e-16,1.0981614874754477,0.025915270670022448
131,1.3214399096607305,1.0991804334043271,3.906241162118244e-16,1.1102230246251565e-16,1.1743443169215553,-0.06345711298996931
132,1.4008589133007896,1.0670028356285062,2.200134983650426e-16,1.7241984640587054e-16,0.8085504990198926,-0.09358562773287825
133,1.4771286237195504,1.0217163659992081,3.5188003225430932e-16,0.0,0.8997614375347825,-0.17741504414447623
134,1.3576289356214573,1.0387308310596681,4.34575399428027e-16,2.13476910776075e-16,1.0738866859835292,0.13007325164506162
135,1.5417888325819746,1.1278002588371447,3.380773508021313e-16,2.220446049250313e-16,0.8087966926043239,0.1523667160512484
136,1.5208902610753752,1.0366318891037312,3.1466649002775926e-16,1.1102230246251565e-16,1.140208281550573,0.09913421893071045
137,1.3950405700574577,1.1206605531105458,3.654263420022884e-16,2.220446049250313e-16,1.1170525856907985,0.08341424665656905
138,1.5004633525077138,1.041798104296301,2.5669900131666584e-16,1.6659882840969536e-17,1.0942631949604957,0.1006999257188605
139,1.3678655205278054,1.1019723402754202,3.6500926763500844e-16,1.1102230246251565e-16,1.0524448140142901,0.04721237746138573
140,1.5972343506110456,1.0940371691959092,1.9998316923404973e-16,2.194908997381797e-16,0.8104888033552938,0.1582870017934152
141,1.488524937905851,1.0860606256854042,2.341938401837312e-16,5.1920554167783644e-17,1.1954016777795755,0.04885850530881086
142,1.4593506247412091,1.054215460989217,1.698328079491993e-16,1.1913793378866607e-16,0.8031568475847597,0.08852150169588083
143,1.5391313962701043,1.0621783494905195,2.9149086265235307e-16,0.0,1.1188122502631976,-0.14204529787258943
144,1.541175412368072,1.077768062253436,3.296360663060403e-16,9.016190685559966e-17,0.9982733907741559,-0.09887390067390972
145,1.469834161343494,1.0867570578474397,3.115732965371442e-16,1.7765036525948068e-16,0.9373253384839045,0.09872792875197833
146,1.5319055807716253,1.048394581122924,2.3524540328196642e-16,8.184269622576426e-17,1.007019080488806,-0.18938786101823282
147,1.3566725000463482,1.0774772817668885,5.777262930272999e-16,9.515011511490232e-17,0.9705253259059109,0.03006932378127103
148,1.4546983092231986,1.0764098154473858,1.49442475938819e-16,2.220446049250313e-16,0.8511492857688299,-0.07117622280601621
149,1.4159058414519503,1.0111825857065275,4.0389120938595395e-16,4.464176289531669e-17,1.005262692171063,0.1811901325690989
150,1.4244323000333825,1.0693012402322912,3.341307661199909e-16,1.9178789898000528e-16,1.170134110307994,-0.1016348453062971
151,1.3493979010696078,1.0967215881962127,5.180065166892291e-16,0.0,1.167058612363529,-0.0761229093609649
152,1.3331116642855376,1.0696959012363698,3.2374065406072417e-16,5.551115123125783e-17,0.883067039851726,0.09912348498163925
153,1.3695064003461448,1.0460928279362716,2.5338595650159787e-16,5.551115123125783e-17,1.0490828087047885,-0.13219853232622386
154,1.4644936835602693,1.1248793333995002,5.458061098185622e-16,1.6538879118217735e-16,0.8314230432316367,-0.14499005979795576
155,1.5702114934755358,1.12276993125412,4.735175510115641e-16,1.8046089590673167e-17,0.9362615822636151,0.13240872788371266
156,1.500542629529544,1.0219800539137973,1.0424364242499055e-16,4.24768091704538e-17,1.186441627485421,0.07153058098609166
157,1.4212547459615075,1.1389440925547254,3.05332180493148e-16,3.665803417963613e-16,0.9461851353129953,0.1208119576761122
158,1.3070119855985904,1.0437133789876174,3.239987646447244e-16,0.0,0.9823666466528524,0.11691376919652308
159,1.3053251472162917,1.0488452568925042,3.5708786946220265e-16,8.494956144059457e-17,0.9388613074600543,-0.09567509821146476
160,1.444799917006422,1.0426876844962363,3.0895819822780625e-16,8.907096120916323e-17,0.8881343153962573,-0.02370076388592418
161,1.4302905213528656,1.0332482183016685,3.1450055712788665e-16,4.757124834498441e-17,0.8554171076145274,-0.0025807687650501476
162,1.472617544083339,1.060264327752162,3.100344943502411e-16,5.229337104864376e-17,1.1275483331497096,-0.03379385214774597
163,1.5023834776249967,1.07281065358661,2.361061143853795e-16,0.0,1.1590577093757986,-0.1899872281440379
164,1.5231774594135565,1.0344073195589905,3.245768949769032e-16,1.5628246899238924e-16,1.1876375428847887,-0.0425835952596687
165,1.5955152485442687,1.0541656400978978,2.7000967743771863e-16,8.20696955762833e-17,0.8005878276879005,-0.06659473435079302
166,1.3262752337588317,1.034941473728792,2.5361825620060743e-16,5.128939502879445e-17,0.8992210092621987,-0.1311142683361361
167,1.630241314217096,1.0551101326065562,4.1523492880362513e-16,2.7755575615628914e-17,0.8109892471960496,-0.19961692595598668
168,1.5637176949337601,1.081280457512654,2.0199845216509777e-16,4.88338989077841e-17,0.8097994089969185,-0.004644978642736277
169,1.3391370209969387,1.0301696483150042,3.4368488435124006e-16,1.1102230246251565e-16,1.1360309313466934,-0.016190144480701694
170,1.2665104955246902,1.0842529607801659,3.148437653557213e-16,1.1472333374726574e-16,1.0467210257107693,-0.17934109515256028
171,1.3752174306756593,1.1262866990410534,3.3062087998115547e-16,6.715355382079725e-17,1.0057891328825228,0.12382226307153987
172,1.688794810120022,1.0194357711563995,3.1695481146902913e-16,5.551115123125783e-17,0.8529891326364629,-0.18011198618764654
173,1.4692276331486098,1.095427668416594,3.7667527026822533e-16,5.551115123125783e-17,1.0604405089176876,-0.04233490754361742
174,1.3595259851204988,1.0995405819905575,3.503955075820833e-16,1.4985587753550304e-16,1.099127853615546,0.032165351623342144
175,1.3808373262968978,1.0446489453709882,2.99096551351743e-16,2.220446049250313e-16,1.1028023227571917,-0.19291803441979408
176,1.2821919584666919,1.057759003068005,2.950472163406158e-16,1.0616961598715337e-16,0.983349331165765,-0.07857652587874317
177,1.5568344711130497,1.0442109820872558,2.8304343965984346e-16,1.1459970496756498e-16,0.81580350016545,-0.04966449700577469
178,1.3833464185868802,1.0841618797430947,1.6220562051743162e-16,2.220446049250313e-16,0.8390418859706701,-0.019969852787413256
179,1.5308116534656389,1.1083756359435266,1.8539156199141618e-16,0.0,0.8718884777660045,0.12835014299027764
180,1.5395171725634704,1.0474864662699386,2.4023881344157496e-16,1.1102230246251565e-16,1.0725521307888939,-0.13137532782792316
181,1.3035062656469338,1.0416708854406371,2.883727023790496e-16,8.644814765388754e-17,1.0963797123915127,-0.046025862362683974
182,1.4696813277170149,1.0520649502337378,3.4395394513992507e-16,8.154035948900859e-17,1.0161854938607142,0.02379662900327356
183,1.3587988573719767,1.141148548717954,3.6694139508402473e-16,3.926341181634219e-16,0.9710337714940286,0.08357701470015859
184,1.511003159443535,1.044071180087512,2.9088910765140676e-16,1.1102230246251565e-16,0.8269774608603506,0.11401662890266885
185,1.3240500679968272,1.0212520750847527,2.9559446454718656e-16,9.415520773825716e-17,1.0790995897771767,0.06019447770846203
186,1.5776436594875467,1.0962088789235256,3.6976316511281425e-16,1.9298987981147115e-16,0.8545123886011314,0.17536264528469178
187,1.5178610951404743,1.0417499964294428,3.4366527503841465e-16,5.551115123125783e-17,0.8978720844778239,0.15555379854888637
188,1.2832695991036958,1.0639637465233822,2.801588079717406e-16,0.0,1.0078500533539738,0.08360095069717367
189,1.4292206141584873,1.0617072728386383,1.7752503048553544e-16,1.1102230246251565e-16,0.921323357069995,-0.06920344588515463
190,1.3722829590440762,1.100347011174021,2.62090819044217e-16,1.1102230246251565e-16,0.8058526297830203,-0.03993883895170022
191,1.6059232253512938,1.0712201634324803,4.3358316409898695e-16,2.220446049250313e-16,0.8350160715843417,-0.014283913167853322
192,1.2723177248119764,1.043555569140597,2.8351516122541575e-16,7.979727989493313e-17,0.9441271049694638,-0.1751071048286693
193,1.356706640688646,1.0917222541994214,3.330716645873856e-16,1.1102230246251565e-16,0.9048775527462641,0.13201501184363118
194,1.4078146169920267,1.1309123742236644,4.743280379846904e-16,1.1102230246251565e-16,0.8973732851524097,-0.02653461593691184
195,1.6968924591231418,1.0781185716013906,1.8979017739753813e-16,7.867103564156025e-17,1.1807827066718593,0.004048037520738209
196,1.289840141638303,1.0683683731365259,4.231882555699827e-16,1.2228767530066231e-16,1.0090024116774245,-0.12945446750841538
197,1.279778556964406,1.090803793529048,2.788356378115642e-16,4.2656716556042704e-17,0.8275845021180694,0.08633474008596652
198,1.4005073104616588,1.0726017116283137,3.1603897246111935e-16,8.706879961180057e-17,1.0574583758837452,0.13931453326334073
199,1.6171315550788885,1.0498919502815423,1.3694962590133618e-16,0.0,0.8046974319353307,0.1437495210806471
