lambda,step,event,input_wire,ancestor,response
0,1e-05,0,0,1,2.3375142798062294
0,1e-05,0,1,1,2.337514279910462
0,1e-05,0,2,0,0.0
0,1e-05,0,3,0,0.0
0,1e-05,0,4,0,0.0
0,1e-05,0,5,0,0.0
0,1e-05,0,6,0,0.0
0,1e-05,0,7,0,0.0
0,1e-05,0,8,1,2.8337694828005096
0,1e-05,0,9,0,0.0
0,1e-05,0,10,0,0.0
0,1e-05,0,11,0,0.0
0,1e-05,1,0,0,0.0
0,1e-05,1,1,0,0.0
0,1e-05,1,2,1,1.3519305421133239
0,1e-05,1,3,1,1.3519305420965078
0,1e-05,1,4,0,0.0
0,1e-05,1,5,0,0.0
0,1e-05,1,6,0,0.0
0,1e-05,1,7,0,0.0
0,1e-05,1,8,0,0.0
0,1e-05,1,9,1,1.3654612989824746
0,1e-05,1,10,0,0.0
0,1e-05,1,11,0,0.0
0,1e-05,2,0,0,0.0
0,1e-05,2,1,0,0.0
0,1e-05,2,2,0,0.0
0,1e-05,2,3,0,0.0
0,1e-05,2,4,1,2.8574058028118703
0,1e-05,2,5,1,2.85740580284687
0,1e-05,2,6,0,0.0
0,1e-05,2,7,0,0.0
0,1e-05,2,8,0,0.0
0,1e-05,2,9,0,0.0
0,1e-05,2,10,1,4.360041706327007
0,1e-05,2,11,0,0.0
0,1e-05,3,0,0,0.0
0,1e-05,3,1,0,0.0
0,1e-05,3,2,0,0.0
0,1e-05,3,3,0,0.0
0,1e-05,3,4,0,0.0
0,1e-05,3,5,0,0.0
0,1e-05,3,6,1,1.3431147863447135
0,1e-05,3,7,1,1.3431147863408068
0,1e-05,3,8,0,0.0
0,1e-05,3,9,0,0.0
0,1e-05,3,10,0,0.0
0,1e-05,3,11,1,1.577547037108815
0,1e-05,4,0,1,2.032568929912425
0,1e-05,4,1,1,1.7955194342190541
0,1e-05,4,2,1,1.1012603725219765
0,1e-05,4,3,1,1.1018227587972202
0,1e-05,4,4,0,0.0
0,1e-05,4,5,0,0.0
0,1e-05,4,6,0,0.0
0,1e-05,4,7,0,0.0
0,1e-05,4,8,1,2.3624641834016415
0,1e-05,4,9,1,0.7274072285824144
0,1e-05,4,10,0,0.0
0,1e-05,4,11,0,0.0
0,1e-05,5,0,0,0.0
0,1e-05,5,1,0,0.0
0,1e-05,5,2,1,3.6074975074017517
0,1e-05,5,3,1,2.6618444791985154
0,1e-05,5,4,1,3.901030587509157
0,1e-05,5,5,1,3.474213972538133
0,1e-05,5,6,0,0.0
0,1e-05,5,7,0,0.0
0,1e-05,5,8,0,0.0
0,1e-05,5,9,1,4.229999355164869
0,1e-05,5,10,1,5.220910067861477
0,1e-05,5,11,0,0.0
0,1e-05,6,0,1,2.8730483918546654
0,1e-05,6,1,1,4.298387767142422
0,1e-05,6,2,0,0.0
0,1e-05,6,3,0,0.0
0,1e-05,6,4,1,5.766391377410252
0,1e-05,6,5,1,4.458429854732537
0,1e-05,6,6,0,0.0
0,1e-05,6,7,0,0.0
0,1e-05,6,8,1,3.7197924867304457
0,1e-05,6,9,0,0.0
0,1e-05,6,10,1,8.56783022685587
0,1e-05,6,11,0,0.0
0,1e-05,7,0,0,0.0
0,1e-05,7,1,0,0.0
0,1e-05,7,2,0,0.0
0,1e-05,7,3,0,0.0
0,1e-05,7,4,0,0.0
0,1e-05,7,5,0,0.0
0,1e-05,7,6,1,1.3062257363455438
0,1e-05,7,7,1,1.306225736341081
0,1e-05,7,8,0,0.0
0,1e-05,7,9,0,0.0
0,1e-05,7,10,0,0.0
0,1e-05,7,11,1,1.213820733953467
0,1e-05,8,0,1,4.125301819166404
0,1e-05,8,1,1,3.499777731753118
0,1e-05,8,2,1,3.3961469337419925
0,1e-05,8,3,1,4.312257888824647
0,1e-05,8,4,1,10.43670131974829
0,1e-05,8,5,1,8.574747781023708
0,1e-05,8,6,0,0.0
0,1e-05,8,7,0,0.0
0,1e-05,8,8,1,4.162335054528965
0,1e-05,8,9,1,4.962279638608856
0,1e-05,8,10,1,16.087950441321983
0,1e-05,8,11,0,0.0
0,1e-05,9,0,1,2.3006942252466436
0,1e-05,9,1,1,3.0831076636354977
0,1e-05,9,2,1,3.130429047996895
0,1e-05,9,3,1,2.1923586568142275
0,1e-05,9,4,1,3.50278497994801
0,1e-05,9,5,1,3.866815290640513
0,1e-05,9,6,0,0.0
0,1e-05,9,7,0,0.0
0,1e-05,9,8,1,2.9420473500082935
0,1e-05,9,9,1,3.908283299034779
0,1e-05,9,10,1,5.110276732626441
0,1e-05,9,11,0,0.0
0,1e-05,10,0,1,2.0702741284949195
0,1e-05,10,1,1,3.015770422656087
0,1e-05,10,2,1,2.9267309955764005
0,1e-05,10,3,1,2.0212360551720354
0,1e-05,10,4,1,5.813927389390057
0,1e-05,10,5,1,4.712896258360034
0,1e-05,10,6,0,0.0
0,1e-05,10,7,0,0.0
0,1e-05,10,8,1,3.306174472579426
0,1e-05,10,9,1,2.6555377374028057
0,1e-05,10,10,1,8.279165578597336
0,1e-05,10,11,0,0.0
0,1e-05,11,0,0,0.0
0,1e-05,11,1,0,0.0
0,1e-05,11,2,0,0.0
0,1e-05,11,3,0,0.0
0,1e-05,11,4,0,0.0
0,1e-05,11,5,0,0.0
0,1e-05,11,6,1,1.6331783943701381
0,1e-05,11,7,1,1.6331783943721947
0,1e-05,11,8,0,0.0
0,1e-05,11,9,0,0.0
0,1e-05,11,10,0,0.0
0,1e-05,11,11,1,1.5663416518001794
0,5e-06,0,0,1,2.3375142800211504
0,5e-06,0,1,1,2.3375142798941813
0,5e-06,0,2,0,0.0
0,5e-06,0,3,0,0.0
0,5e-06,0,4,0,0.0
0,5e-06,0,5,0,0.0
0,5e-06,0,6,0,0.0
0,5e-06,0,7,0,0.0
0,5e-06,0,8,1,2.8337694833453035
0,5e-06,0,9,0,0.0
0,5e-06,0,10,0,0.0
0,5e-06,0,11,0,0.0
0,5e-06,1,0,0,0.0
0,5e-06,1,1,0,0.0
0,5e-06,1,2,1,1.3519305420832515
0,5e-06,1,3,1,1.351930542111051
0,5e-06,1,4,0,0.0
0,5e-06,1,5,0,0.0
0,5e-06,1,6,0,0.0
0,5e-06,1,7,0,0.0
0,5e-06,1,8,0,0.0
0,5e-06,1,9,1,1.3654612991056199
0,5e-06,1,10,0,0.0
0,5e-06,1,11,0,0.0
0,5e-06,2,0,0,0.0
0,5e-06,2,1,0,0.0
0,5e-06,2,2,0,0.0
0,5e-06,2,3,0,0.0
0,5e-06,2,4,1,2.857405802935151
0,5e-06,2,5,1,2.857405803073998
0,5e-06,2,6,0,0.0
0,5e-06,2,7,0,0.0
0,5e-06,2,8,0,0.0
0,5e-06,2,9,0,0.0
0,5e-06,2,10,1,4.36004170728177
0,5e-06,2,11,0,0.0
0,5e-06,3,0,0,0.0
0,5e-06,3,1,0,0.0
0,5e-06,3,2,0,0.0
0,5e-06,3,3,0,0.0
0,5e-06,3,4,0,0.0
0,5e-06,3,5,0,0.0
0,5e-06,3,6,1,1.3431147863579702
0,5e-06,3,7,1,1.3431147863688861
0,5e-06,3,8,0,0.0
0,5e-06,3,9,0,0.0
0,5e-06,3,10,0,0.0
0,5e-06,3,11,1,1.5775470372199851
0,5e-06,4,0,1,2.0325689300695595
0,5e-06,4,1,1,1.795519434065911
0,5e-06,4,2,1,1.1012603725884362
0,5e-06,4,3,1,1.101822758793888
0,5e-06,4,4,0,0.0
0,5e-06,4,5,0,0.0
0,5e-06,4,6,0,0.0
0,5e-06,4,7,0,0.0
0,5e-06,4,8,1,2.3624641837748945
0,5e-06,4,9,1,0.7274072285947373
0,5e-06,4,10,0,0.0
0,5e-06,4,11,0,0.0
0,5e-06,5,0,0,0.0
0,5e-06,5,1,0,0.0
0,5e-06,5,2,1,3.607497507494681
0,5e-06,5,3,1,2.6618444792674105
0,5e-06,5,4,1,3.9010305881326484
0,5e-06,5,5,1,3.474213973110498
0,5e-06,5,6,0,0.0
0,5e-06,5,7,0,0.0
0,5e-06,5,8,0,0.0
0,5e-06,5,9,1,4.229999356143455
0,5e-06,5,10,1,5.220910070904531
0,5e-06,5,11,0,0.0
0,5e-06,6,0,1,2.8730483921760412
0,5e-06,6,1,1,4.298387768018244
0,5e-06,6,2,0,0.0
0,5e-06,6,3,0,0.0
0,5e-06,6,4,1,5.766391379362782
0,5e-06,6,5,1,4.458429856024991
0,5e-06,6,6,0,0.0
0,5e-06,6,7,0,0.0
0,5e-06,6,8,1,3.7197924882577995
0,5e-06,6,9,0,0.0
0,5e-06,6,10,1,8.567830234621162
0,5e-06,6,11,0,0.0
0,5e-06,7,0,0,0.0
0,5e-06,7,1,0,0.0
0,5e-06,7,2,0,0.0
0,5e-06,7,3,0,0.0
0,5e-06,7,4,0,0.0
0,5e-06,7,5,0,0.0
0,5e-06,7,6,1,1.3062257364180565
0,5e-06,7,7,1,1.306225736448069
0,5e-06,7,8,0,0.0
0,5e-06,7,9,0,0.0
0,5e-06,7,10,0,0.0
0,5e-06,7,11,1,1.213820734116793
0,5e-06,8,0,1,4.125301821378362
0,5e-06,8,1,1,3.4997777333653404
0,5e-06,8,2,1,3.3961469344148134
0,5e-06,8,3,1,4.312257889866342
0,5e-06,8,4,1,10.436701335148376
0,5e-06,8,5,1,8.574747788905464
0,5e-06,8,6,0,0.0
0,5e-06,8,7,0,0.0
0,5e-06,8,8,1,4.162335057037781
0,5e-06,8,9,1,4.962279640801849
0,5e-06,8,10,1,16.0879504923789
0,5e-06,8,11,0,0.0
0,5e-06,9,0,1,2.3006942252081495
0,5e-06,9,1,1,3.0831076643942352
0,5e-06,9,2,1,3.130429048352077
0,5e-06,9,3,1,2.192358656860957
0,5e-06,9,4,1,3.502784981703791
0,5e-06,9,5,1,3.866815291926493
0,5e-06,9,6,0,0.0
0,5e-06,9,7,0,0.0
0,5e-06,9,8,1,2.942047350388985
0,5e-06,9,9,1,3.9082832994113024
0,5e-06,9,10,1,5.1102767384495085
0,5e-06,9,11,0,0.0
0,5e-06,10,0,1,2.0702741290989586
0,5e-06,10,1,1,3.0157704223101955
0,5e-06,10,2,1,2.926730997674036
0,5e-06,10,3,1,2.0212360522804684
0,5e-06,10,4,1,5.813927394771867
0,5e-06,10,5,1,4.712896263966329
0,5e-06,10,6,0,0.0
0,5e-06,10,7,0,0.0
0,5e-06,10,8,1,3.3061744727858233
0,5e-06,10,9,1,2.6555377414452277
0,5e-06,10,10,1,8.279165594606908
0,5e-06,10,11,0,0.0
0,5e-06,11,0,0,0.0
0,5e-06,11,1,0,0.0
0,5e-06,11,2,0,0.0
0,5e-06,11,3,0,0.0
0,5e-06,11,4,0,0.0
0,5e-06,11,5,0,0.0
0,5e-06,11,6,1,1.6331783944695837
0,5e-06,11,7,1,1.6331783944416154
0,5e-06,11,8,0,0.0
0,5e-06,11,9,0,0.0
0,5e-06,11,10,0,0.0
0,5e-06,11,11,1,1.5663416518556348
0.1,1e-05,0,0,1,2.2961746099262994
0.1,1e-05,0,1,1,2.335853311244583
0.1,1e-05,0,2,0,0.0
0.1,1e-05,0,3,0,0.0
0.1,1e-05,0,4,0,0.0
0.1,1e-05,0,5,0,0.0
0.1,1e-05,0,6,0,0.0
0.1,1e-05,0,7,0,0.0
0.1,1e-05,0,8,1,2.83376948282389
0.1,1e-05,0,9,0,0.0
0.1,1e-05,0,10,0,0.0
0.1,1e-05,0,11,0,0.0
0.1,1e-05,1,0,0,0.0
0.1,1e-05,1,1,0,0.0
0.1,1e-05,1,2,1,1.3640512388511188
0.1,1e-05,1,3,1,1.3516627158943293
0.1,1e-05,1,4,0,0.0
0.1,1e-05,1,5,0,0.0
0.1,1e-05,1,6,0,0.0
0.1,1e-05,1,7,0,0.0
0.1,1e-05,1,8,0,0.0
0.1,1e-05,1,9,1,1.3654612989686492
0.1,1e-05,1,10,0,0.0
0.1,1e-05,1,11,0,0.0
0.1,1e-05,2,0,0,0.0
0.1,1e-05,2,1,0,0.0
0.1,1e-05,2,2,0,0.0
0.1,1e-05,2,3,0,0.0
0.1,1e-05,2,4,1,2.868594033548453
0.1,1e-05,2,5,1,2.8566323805470173
0.1,1e-05,2,6,0,0.0
0.1,1e-05,2,7,0,0.0
0.1,1e-05,2,8,0,0.0
0.1,1e-05,2,9,0,0.0
0.1,1e-05,2,10,1,4.360041706466662
0.1,1e-05,2,11,0,0.0
0.1,1e-05,3,0,0,0.0
0.1,1e-05,3,1,0,0.0
0.1,1e-05,3,2,0,0.0
0.1,1e-05,3,3,0,0.0
0.1,1e-05,3,4,0,0.0
0.1,1e-05,3,5,0,0.0
0.1,1e-05,3,6,1,1.3513724773813125
0.1,1e-05,3,7,1,1.349607599790653
0.1,1e-05,3,8,0,0.0
0.1,1e-05,3,9,0,0.0
0.1,1e-05,3,10,0,0.0
0.1,1e-05,3,11,1,1.5775470370812976
0.1,1e-05,4,0,1,2.058529520392115
0.1,1e-05,4,1,1,1.7915017491278347
0.1,1e-05,4,2,1,1.1103278205438933
0.1,1e-05,4,3,1,1.0943269205322248
0.1,1e-05,4,4,0,0.0
0.1,1e-05,4,5,0,0.0
0.1,1e-05,4,6,0,0.0
0.1,1e-05,4,7,0,0.0
0.1,1e-05,4,8,1,2.382673617988064
0.1,1e-05,4,9,1,0.7302243331562436
0.1,1e-05,4,10,0,0.0
0.1,1e-05,4,11,0,0.0
0.1,1e-05,5,0,0,0.0
0.1,1e-05,5,1,0,0.0
0.1,1e-05,5,2,1,3.5922216787256414
0.1,1e-05,5,3,1,2.5303351336463873
0.1,1e-05,5,4,1,3.8624279526404273
0.1,1e-05,5,5,1,3.4222113951862303
0.1,1e-05,5,6,0,0.0
0.1,1e-05,5,7,0,0.0
0.1,1e-05,5,8,0,0.0
0.1,1e-05,5,9,1,4.154678372537615
0.1,1e-05,5,10,1,5.139880482067223
0.1,1e-05,5,11,0,0.0
0.1,1e-05,6,0,1,2.9174262354540663
0.1,1e-05,6,1,1,4.295950037631791
0.1,1e-05,6,2,0,0.0
0.1,1e-05,6,3,0,0.0
0.1,1e-05,6,4,1,5.907876542206618
0.1,1e-05,6,5,1,4.427588019602621
0.1,1e-05,6,6,0,0.0
0.1,1e-05,6,7,0,0.0
0.1,1e-05,6,8,1,3.768415482504967
0.1,1e-05,6,9,0,0.0
0.1,1e-05,6,10,1,8.622287034706591
0.1,1e-05,6,11,0,0.0
0.1,1e-05,7,0,0,0.0
0.1,1e-05,7,1,0,0.0
0.1,1e-05,7,2,0,0.0
0.1,1e-05,7,3,0,0.0
0.1,1e-05,7,4,0,0.0
0.1,1e-05,7,5,0,0.0
0.1,1e-05,7,6,1,1.3298687381450554
0.1,1e-05,7,7,1,1.3150214539628322
0.1,1e-05,7,8,0,0.0
0.1,1e-05,7,9,0,0.0
0.1,1e-05,7,10,0,0.0
0.1,1e-05,7,11,1,1.2138207339448188
0.1,1e-05,8,0,1,3.968712541445166
0.1,1e-05,8,1,1,3.64409531074055
0.1,1e-05,8,2,1,3.2579294722785543
0.1,1e-05,8,3,1,4.16600630391705
0.1,1e-05,8,4,1,10.872606601704193
0.1,1e-05,8,5,1,8.560228646440896
0.1,1e-05,8,6,0,0.0
0.1,1e-05,8,7,0,0.0
0.1,1e-05,8,8,1,4.303618154727391
0.1,1e-05,8,9,1,4.809293423828568
0.1,1e-05,8,10,1,16.015397722028933
0.1,1e-05,8,11,0,0.0
0.1,1e-05,9,0,1,2.143339402380826
0.1,1e-05,9,1,1,2.982426074255321
0.1,1e-05,9,2,1,3.1480024607929638
0.1,1e-05,9,3,1,2.1663266081811647
0.1,1e-05,9,4,1,3.324995384564086
0.1,1e-05,9,5,1,3.727144513882778
0.1,1e-05,9,6,0,0.0
0.1,1e-05,9,7,0,0.0
0.1,1e-05,9,8,1,2.899913003840489
0.1,1e-05,9,9,1,3.8475565577084274
0.1,1e-05,9,10,1,5.037978591924601
0.1,1e-05,9,11,0,0.0
0.1,1e-05,10,0,1,2.045711991459651
0.1,1e-05,10,1,1,2.981474935093869
0.1,1e-05,10,2,1,3.029126970183307
0.1,1e-05,10,3,1,2.038298222804828
0.1,1e-05,10,4,1,5.826614624396365
0.1,1e-05,10,5,1,4.654257732329555
0.1,1e-05,10,6,0,0.0
0.1,1e-05,10,7,0,0.0
0.1,1e-05,10,8,1,3.1971362359340243
0.1,1e-05,10,9,1,2.516534773087234
0.1,1e-05,10,10,1,8.293658861543278
0.1,1e-05,10,11,0,0.0
0.1,1e-05,11,0,0,0.0
0.1,1e-05,11,1,0,0.0
0.1,1e-05,11,2,0,0.0
0.1,1e-05,11,3,0,0.0
0.1,1e-05,11,4,0,0.0
0.1,1e-05,11,5,0,0.0
0.1,1e-05,11,6,1,1.6627263419169287
0.1,1e-05,11,7,1,1.6441280858239735
0.1,1e-05,11,8,0,0.0
0.1,1e-05,11,9,0,0.0
0.1,1e-05,11,10,0,0.0
0.1,1e-05,11,11,1,1.5663416517874695
0.1,5e-06,0,0,1,2.2961746101631992
0.1,5e-06,0,1,1,2.3358533112705375
0.1,5e-06,0,2,0,0.0
0.1,5e-06,0,3,0,0.0
0.1,5e-06,0,4,0,0.0
0.1,5e-06,0,5,0,0.0
0.1,5e-06,0,6,0,0.0
0.1,5e-06,0,7,0,0.0
0.1,5e-06,0,8,1,2.8337694831208857
0.1,5e-06,0,9,0,0.0
0.1,5e-06,0,10,0,0.0
0.1,5e-06,0,11,0,0.0
0.1,5e-06,1,0,0,0.0
0.1,5e-06,1,1,0,0.0
0.1,5e-06,1,2,1,1.3640512388656139
0.1,5e-06,1,3,1,1.3516627158875207
0.1,5e-06,1,4,0,0.0
0.1,5e-06,1,5,0,0.0
0.1,5e-06,1,6,0,0.0
0.1,5e-06,1,7,0,0.0
0.1,5e-06,1,8,0,0.0
0.1,5e-06,1,9,1,1.3654612991107626
0.1,5e-06,1,10,0,0.0
0.1,5e-06,1,11,0,0.0
0.1,5e-06,2,0,0,0.0
0.1,5e-06,2,1,0,0.0
0.1,5e-06,2,2,0,0.0
0.1,5e-06,2,3,0,0.0
0.1,5e-06,2,4,1,2.8685940337005493
0.1,5e-06,2,5,1,2.8566323804087337
0.1,5e-06,2,6,0,0.0
0.1,5e-06,2,7,0,0.0
0.1,5e-06,2,8,0,0.0
0.1,5e-06,2,9,0,0.0
0.1,5e-06,2,10,1,4.360041706969268
0.1,5e-06,2,11,0,0.0
0.1,5e-06,3,0,0,0.0
0.1,5e-06,3,1,0,0.0
0.1,5e-06,3,2,0,0.0
0.1,5e-06,3,3,0,0.0
0.1,5e-06,3,4,0,0.0
0.1,5e-06,3,5,0,0.0
0.1,5e-06,3,6,1,1.351372477419369
0.1,5e-06,3,7,1,1.3496075998256056
0.1,5e-06,3,8,0,0.0
0.1,5e-06,3,9,0,0.0
0.1,5e-06,3,10,0,0.0
0.1,5e-06,3,11,1,1.5775470372097287
0.1,5e-06,4,0,1,2.0585295205782757
0.1,5e-06,4,1,1,1.7915017490229221
0.1,5e-06,4,2,1,1.1103278205893528
0.1,5e-06,4,3,1,1.0943269205782993
0.1,5e-06,4,4,0,0.0
0.1,5e-06,4,5,0,0.0
0.1,5e-06,4,6,0,0.0
0.1,5e-06,4,7,0,0.0
0.1,5e-06,4,8,1,2.3826736181918817
0.1,5e-06,4,9,1,0.7302243332003501
0.1,5e-06,4,10,0,0.0
0.1,5e-06,4,11,0,0.0
0.1,5e-06,5,0,0,0.0
0.1,5e-06,5,1,0,0.0
0.1,5e-06,5,2,1,3.5922216792987647
0.1,5e-06,5,3,1,2.530335133858271
0.1,5e-06,5,4,1,3.8624279534991937
0.1,5e-06,5,5,1,3.4222113954064324
0.1,5e-06,5,6,0,0.0
0.1,5e-06,5,7,0,0.0
0.1,5e-06,5,8,0,0.0
0.1,5e-06,5,9,1,4.154678373679122
0.1,5e-06,5,10,1,5.139880484339964
0.1,5e-06,5,11,0,0.0
0.1,5e-06,6,0,1,2.9174262354323197
0.1,5e-06,6,1,1,4.295950038394829
0.1,5e-06,6,2,0,0.0
0.1,5e-06,6,3,0,0.0
0.1,5e-06,6,4,1,5.9078765444552435
0.1,5e-06,6,5,1,4.427588020143937
0.1,5e-06,6,6,0,0.0
0.1,5e-06,6,7,0,0.0
0.1,5e-06,6,8,1,3.7684154839406383
0.1,5e-06,6,9,0,0.0
0.1,5e-06,6,10,1,8.622287041940789
0.1,5e-06,6,11,0,0.0
0.1,5e-06,7,0,0,0.0
0.1,5e-06,7,1,0,0.0
0.1,5e-06,7,2,0,0.0
0.1,5e-06,7,3,0,0.0
0.1,5e-06,7,4,0,0.0
0.1,5e-06,7,5,0,0.0
0.1,5e-06,7,6,1,1.3298687382384438
0.1,5e-06,7,7,1,1.3150214540558671
0.1,5e-06,7,8,0,0.0
0.1,5e-06,7,9,0,0.0
0.1,5e-06,7,10,0,0.0
0.1,5e-06,7,11,1,1.213820734057638
0.1,5e-06,8,0,1,3.968712543547616
0.1,5e-06,8,1,1,3.644095312112517
0.1,5e-06,8,2,1,3.257929473113846
0.1,5e-06,8,3,1,4.1660063052956176
0.1,5e-06,8,4,1,10.87260661795045
0.1,5e-06,8,5,1,8.560228652704264
0.1,5e-06,8,6,0,0.0
0.1,5e-06,8,7,0,0.0
0.1,5e-06,8,8,1,4.30361815660825
0.1,5e-06,8,9,1,4.809293425604805
0.1,5e-06,8,10,1,16.015397769865185
0.1,5e-06,8,11,0,0.0
0.1,5e-06,9,0,1,2.143339402701682
0.1,5e-06,9,1,1,2.982426074699839
0.1,5e-06,9,2,1,3.1480024614692654
0.1,5e-06,9,3,1,2.166326608247869
0.1,5e-06,9,4,1,3.32499538653438
0.1,5e-06,9,5,1,3.7271445146554885
0.1,5e-06,9,6,0,0.0
0.1,5e-06,9,7,0,0.0
0.1,5e-06,9,8,1,2.8999130037124927
0.1,5e-06,9,9,1,3.8475565584744924
0.1,5e-06,9,10,1,5.037978596641626
0.1,5e-06,9,11,0,0.0
0.1,5e-06,10,0,1,2.045711991840381
0.1,5e-06,10,1,1,2.981474935396862
0.1,5e-06,10,2,1,3.0291269707339072
0.1,5e-06,10,3,1,2.03829822273615
0.1,5e-06,10,4,1,5.826614629839959
0.1,5e-06,10,5,1,4.654257735724598
0.1,5e-06,10,6,0,0.0
0.1,5e-06,10,7,0,0.0
0.1,5e-06,10,8,1,3.1971362365754534
0.1,5e-06,10,9,1,2.5165347742421242
0.1,5e-06,10,10,1,8.293658880690497
0.1,5e-06,10,11,0,0.0
0.1,5e-06,11,0,0,0.0
0.1,5e-06,11,1,0,0.0
0.1,5e-06,11,2,0,0.0
0.1,5e-06,11,3,0,0.0
0.1,5e-06,11,4,0,0.0
0.1,5e-06,11,5,0,0.0
0.1,5e-06,11,6,1,1.662726342010986
0.1,5e-06,11,7,1,1.6441280859534506
0.1,5e-06,11,8,0,0.0
0.1,5e-06,11,9,0,0.0
0.1,5e-06,11,10,0,0.0
0.1,5e-06,11,11,1,1.566341651894066
