sample,direction,field,branch,omega,null_polynomial,z
0,0,0,0,-1.38451891948885,-2.0690470133265725e-16,1.108058398639225
0,0,0,1,0.933409956826497,-1.85367661487934e-16,1.108058398639225
0,0,1,0,-1.38451891948885,-2.0690470133265725e-16,1.108058398639225
0,0,1,1,0.933409956826497,-1.85367661487934e-16,1.108058398639225
0,0,2,0,-1.38451891948885,-2.0690470133265725e-16,1.108058398639225
0,0,2,1,0.933409956826497,-1.85367661487934e-16,1.108058398639225
0,0,3,0,-1.38451891948885,-2.0690470133265725e-16,1.108058398639225
0,0,3,1,0.933409956826497,-1.85367661487934e-16,1.108058398639225
0,0,4,0,-1.38451891948885,-2.0690470133265725e-16,1.108058398639225
0,0,4,1,0.933409956826497,-1.85367661487934e-16,1.108058398639225
0,0,5,0,-1.38451891948885,-2.0690470133265725e-16,1.108058398639225
0,0,5,1,0.933409956826497,-1.85367661487934e-16,1.108058398639225
0,1,0,0,-1.3264422769277497,-6.042965993153411e-16,1.108058398639225
0,1,0,1,1.042442028812709,-4.466139113203561e-16,1.108058398639225
0,1,1,0,-1.3264422769277497,-6.042965993153411e-16,1.108058398639225
0,1,1,1,1.042442028812709,-4.466139113203561e-16,1.108058398639225
0,1,2,0,-1.3264422769277497,-6.042965993153411e-16,1.108058398639225
0,1,2,1,1.042442028812709,-4.466139113203561e-16,1.108058398639225
0,1,3,0,-1.3264422769277497,-6.042965993153411e-16,1.108058398639225
0,1,3,1,1.042442028812709,-4.466139113203561e-16,1.108058398639225
0,1,4,0,-1.3264422769277497,-6.042965993153411e-16,1.108058398639225
0,1,4,1,1.042442028812709,-4.466139113203561e-16,1.108058398639225
0,1,5,0,-1.3264422769277497,-6.042965993153411e-16,1.108058398639225
0,1,5,1,1.042442028812709,-4.466139113203561e-16,1.108058398639225
0,2,0,0,-1.2832645008060997,-6.106226635438361e-16,1.108058398639225
0,2,0,1,1.0493481612676019,-8.326672684688674e-17,1.108058398639225
0,2,1,0,-1.2832645008060997,-6.106226635438361e-16,1.108058398639225
0,2,1,1,1.0493481612676019,-8.326672684688674e-17,1.108058398639225
0,2,2,0,-1.2832645008060997,-6.106226635438361e-16,1.108058398639225
0,2,2,1,1.0493481612676019,-8.326672684688674e-17,1.108058398639225
0,2,3,0,-1.2832645008060997,-6.106226635438361e-16,1.108058398639225
0,2,3,1,1.0493481612676019,-8.326672684688674e-17,1.108058398639225
0,2,4,0,-1.2832645008060997,-6.106226635438361e-16,1.108058398639225
0,2,4,1,1.0493481612676019,-8.326672684688674e-17,1.108058398639225
0,2,5,0,-1.2832645008060997,-6.106226635438361e-16,1.108058398639225
0,2,5,1,1.0493481612676019,-8.326672684688674e-17,1.108058398639225
0,3,0,0,-1.208405781956163,-3.5198486016975147e-17,1.108058398639225
0,3,0,1,0.7695490885020603,-1.1154988634356623e-17,1.108058398639225
0,3,1,0,-1.208405781956163,-3.5198486016975147e-17,1.108058398639225
0,3,1,1,0.7695490885020603,-1.1154988634356623e-17,1.108058398639225
0,3,2,0,-1.208405781956163,-3.5198486016975147e-17,1.108058398639225
0,3,2,1,0.7695490885020603,-1.1154988634356623e-17,1.108058398639225
0,3,3,0,-1.208405781956163,-3.5198486016975147e-17,1.108058398639225
0,3,3,1,0.7695490885020603,-1.1154988634356623e-17,1.108058398639225
0,3,4,0,-1.208405781956163,-3.5198486016975147e-17,1.108058398639225
0,3,4,1,0.7695490885020603,-1.1154988634356623e-17,1.108058398639225
0,3,5,0,-1.208405781956163,-3.5198486016975147e-17,1.108058398639225
0,3,5,1,0.7695490885020603,-1.1154988634356623e-17,1.108058398639225
0,4,0,0,-1.2161513006270965,-6.125873100036014e-16,1.108058398639225
0,4,0,1,1.2138519884098398,-3.6683334583484043e-16,1.108058398639225
0,4,1,0,-1.2161513006270965,-6.125873100036014e-16,1.108058398639225
0,4,1,1,1.2138519884098398,-3.6683334583484043e-16,1.108058398639225
0,4,2,0,-1.2161513006270965,-6.125873100036014e-16,1.108058398639225
0,4,2,1,1.2138519884098398,-3.6683334583484043e-16,1.108058398639225
0,4,3,0,-1.2161513006270965,-6.125873100036014e-16,1.108058398639225
0,4,3,1,1.2138519884098398,-3.6683334583484043e-16,1.108058398639225
0,4,4,0,-1.2161513006270965,-6.125873100036014e-16,1.108058398639225
0,4,4,1,1.2138519884098398,-3.6683334583484043e-16,1.108058398639225
0,4,5,0,-1.2161513006270965,-6.125873100036014e-16,1.108058398639225
0,4,5,1,1.2138519884098398,-3.6683334583484043e-16,1.108058398639225
0,5,0,0,-1.222555925180287,1.3047361363215835e-16,1.108058398639225
0,5,0,1,0.9186323568916893,-4.3231129468265416e-16,1.108058398639225
0,5,1,0,-1.222555925180287,1.3047361363215835e-16,1.108058398639225
0,5,1,1,0.9186323568916893,-4.3231129468265416e-16,1.108058398639225
0,5,2,0,-1.222555925180287,1.3047361363215835e-16,1.108058398639225
0,5,2,1,0.9186323568916893,-4.3231129468265416e-16,1.108058398639225
0,5,3,0,-1.222555925180287,1.3047361363215835e-16,1.108058398639225
0,5,3,1,0.9186323568916893,-4.3231129468265416e-16,1.108058398639225
0,5,4,0,-1.222555925180287,1.3047361363215835e-16,1.108058398639225
0,5,4,1,0.9186323568916893,-4.3231129468265416e-16,1.108058398639225
0,5,5,0,-1.222555925180287,1.3047361363215835e-16,1.108058398639225
0,5,5,1,0.9186323568916893,-4.3231129468265416e-16,1.108058398639225
0,6,0,0,-1.0608015106210271,-4.82338199339919e-16,1.108058398639225
0,6,0,1,0.8756667681015261,8.774262611052954e-17,1.108058398639225
0,6,1,0,-1.0608015106210271,-4.82338199339919e-16,1.108058398639225
0,6,1,1,0.8756667681015261,8.774262611052954e-17,1.108058398639225
0,6,2,0,-1.0608015106210271,-4.82338199339919e-16,1.108058398639225
0,6,2,1,0.8756667681015261,8.774262611052954e-17,1.108058398639225
0,6,3,0,-1.0608015106210271,-4.82338199339919e-16,1.108058398639225
0,6,3,1,0.8756667681015261,8.774262611052954e-17,1.108058398639225
0,6,4,0,-1.0608015106210271,-4.82338199339919e-16,1.108058398639225
0,6,4,1,0.8756667681015261,8.774262611052954e-17,1.108058398639225
0,6,5,0,-1.0608015106210271,-4.82338199339919e-16,1.108058398639225
0,6,5,1,0.8756667681015261,8.774262611052954e-17,1.108058398639225
0,7,0,0,-0.9927358312814624,-4.718447854656915e-16,1.108058398639225
0,7,0,1,1.1015115218801008,6.938893903907228e-17,1.108058398639225
0,7,1,0,-0.9927358312814624,-4.718447854656915e-16,1.108058398639225
0,7,1,1,1.1015115218801008,6.938893903907228e-17,1.108058398639225
0,7,2,0,-0.9927358312814624,-4.718447854656915e-16,1.108058398639225
0,7,2,1,1.1015115218801008,6.938893903907228e-17,1.108058398639225
0,7,3,0,-0.9927358312814624,-4.718447854656915e-16,1.108058398639225
0,7,3,1,1.1015115218801008,6.938893903907228e-17,1.108058398639225
0,7,4,0,-0.9927358312814624,-4.718447854656915e-16,1.108058398639225
0,7,4,1,1.1015115218801008,6.938893903907228e-17,1.108058398639225
0,7,5,0,-0.9927358312814624,-4.718447854656915e-16,1.108058398639225
0,7,5,1,1.1015115218801008,6.938893903907228e-17,1.108058398639225
0,8,0,0,-1.2148551518392157,-5.285080071234863e-16,1.108058398639225
0,8,0,1,0.8920593222185802,-2.6320306477438835e-16,1.108058398639225
0,8,1,0,-1.2148551518392157,-5.285080071234863e-16,1.108058398639225
0,8,1,1,0.8920593222185802,-2.6320306477438835e-16,1.108058398639225
0,8,2,0,-1.2148551518392157,-5.285080071234863e-16,1.108058398639225
0,8,2,1,0.8920593222185802,-2.6320306477438835e-16,1.108058398639225
0,8,3,0,-1.2148551518392157,-5.285080071234863e-16,1.108058398639225
0,8,3,1,0.8920593222185802,-2.6320306477438835e-16,1.108058398639225
0,8,4,0,-1.2148551518392157,-5.285080071234863e-16,1.108058398639225
0,8,4,1,0.8920593222185802,-2.6320306477438835e-16,1.108058398639225
0,8,5,0,-1.2148551518392157,-5.285080071234863e-16,1.108058398639225
0,8,5,1,0.8920593222185802,-2.6320306477438835e-16,1.108058398639225
0,9,0,0,-1.012781101499534,-2.581384193372332e-16,1.108058398639225
0,9,0,1,1.171274158923424,-7.90944742689266e-16,1.108058398639225
0,9,1,0,-1.012781101499534,-2.581384193372332e-16,1.108058398639225
0,9,1,1,1.171274158923424,-7.90944742689266e-16,1.108058398639225
0,9,2,0,-1.012781101499534,-2.581384193372332e-16,1.108058398639225
0,9,2,1,1.171274158923424,-7.90944742689266e-16,1.108058398639225
0,9,3,0,-1.012781101499534,-2.581384193372332e-16,1.108058398639225
0,9,3,1,1.171274158923424,-7.90944742689266e-16,1.108058398639225
0,9,4,0,-1.012781101499534,-2.581384193372332e-16,1.108058398639225
0,9,4,1,1.171274158923424,-7.90944742689266e-16,1.108058398639225
0,9,5,0,-1.012781101499534,-2.581384193372332e-16,1.108058398639225
0,9,5,1,1.171274158923424,-7.90944742689266e-16,1.108058398639225
0,10,0,0,-0.97205553757919,2.5177869754541133e-16,1.108058398639225
0,10,0,1,0.9950697042283062,-2.295573093138888e-17,1.108058398639225
0,10,1,0,-0.97205553757919,2.5177869754541133e-16,1.108058398639225
0,10,1,1,0.9950697042283062,-2.295573093138888e-17,1.108058398639225
0,10,2,0,-0.97205553757919,2.5177869754541133e-16,1.108058398639225
0,10,2,1,0.9950697042283062,-2.295573093138888e-17,1.108058398639225
0,10,3,0,-0.97205553757919,2.5177869754541133e-16,1.108058398639225
0,10,3,1,0.9950697042283062,-2.295573093138888e-17,1.108058398639225
0,10,4,0,-0.97205553757919,2.5177869754541133e-16,1.108058398639225
0,10,4,1,0.9950697042283062,-2.295573093138888e-17,1.108058398639225
0,10,5,0,-0.97205553757919,2.5177869754541133e-16,1.108058398639225
0,10,5,1,0.9950697042283062,-2.295573093138888e-17,1.108058398639225
0,11,0,0,-1.0585532491991634,3.8432051988084967e-16,1.108058398639225
0,11,0,1,0.9366921849267932,2.3511607332091294e-16,1.108058398639225
0,11,1,0,-1.0585532491991634,3.8432051988084967e-16,1.108058398639225
0,11,1,1,0.9366921849267932,2.3511607332091294e-16,1.108058398639225
0,11,2,0,-1.0585532491991634,3.8432051988084967e-16,1.108058398639225
0,11,2,1,0.9366921849267932,2.3511607332091294e-16,1.108058398639225
0,11,3,0,-1.0585532491991634,3.8432051988084967e-16,1.108058398639225
0,11,3,1,0.9366921849267932,2.3511607332091294e-16,1.108058398639225
0,11,4,0,-1.0585532491991634,3.8432051988084967e-16,1.108058398639225
0,11,4,1,0.9366921849267932,2.3511607332091294e-16,1.108058398639225
0,11,5,0,-1.0585532491991634,3.8432051988084967e-16,1.108058398639225
0,11,5,1,0.9366921849267932,2.3511607332091294e-16,1.108058398639225
0,12,0,0,-0.8377893400599913,-4.0245584642661925e-16,1.108058398639225
0,12,0,1,1.1952451862214257,-2.220446049250313e-16,1.108058398639225
0,12,1,0,-0.8377893400599913,-4.0245584642661925e-16,1.108058398639225
0,12,1,1,1.1952451862214257,-2.220446049250313e-16,1.108058398639225
0,12,2,0,-0.8377893400599913,-4.0245584642661925e-16,1.108058398639225
0,12,2,1,1.1952451862214257,-2.220446049250313e-16,1.108058398639225
0,12,3,0,-0.8377893400599913,-4.0245584642661925e-16,1.108058398639225
0,12,3,1,1.1952451862214257,-2.220446049250313e-16,1.108058398639225
0,12,4,0,-0.8377893400599913,-4.0245584642661925e-16,1.108058398639225
0,12,4,1,1.1952451862214257,-2.220446049250313e-16,1.108058398639225
0,12,5,0,-0.8377893400599913,-4.0245584642661925e-16,1.108058398639225
0,12,5,1,1.1952451862214257,-2.220446049250313e-16,1.108058398639225
0,13,0,0,-1.1861391355968691,3.2568114856510036e-16,1.108058398639225
0,13,0,1,1.127369403901125,3.2978825401226696e-17,1.108058398639225
0,13,1,0,-1.1861391355968691,3.2568114856510036e-16,1.108058398639225
0,13,1,1,1.127369403901125,3.2978825401226696e-17,1.108058398639225
0,13,2,0,-1.1861391355968691,3.2568114856510036e-16,1.108058398639225
0,13,2,1,1.127369403901125,3.2978825401226696e-17,1.108058398639225
0,13,3,0,-1.1861391355968691,3.2568114856510036e-16,1.108058398639225
0,13,3,1,1.127369403901125,3.2978825401226696e-17,1.108058398639225
0,13,4,0,-1.1861391355968691,3.2568114856510036e-16,1.108058398639225
0,13,4,1,1.127369403901125,3.2978825401226696e-17,1.108058398639225
0,13,5,0,-1.1861391355968691,3.2568114856510036e-16,1.108058398639225
0,13,5,1,1.127369403901125,3.2978825401226696e-17,1.108058398639225
0,14,0,0,-0.952577987646727,-1.5992487952877377e-16,1.108058398639225
0,14,0,1,1.1693957836436721,-1.8292619748775906e-16,1.108058398639225
0,14,1,0,-0.952577987646727,-1.5992487952877377e-16,1.108058398639225
0,14,1,1,1.1693957836436721,-1.8292619748775906e-16,1.108058398639225
0,14,2,0,-0.952577987646727,-1.5992487952877377e-16,1.108058398639225
0,14,2,1,1.1693957836436721,-1.8292619748775906e-16,1.108058398639225
0,14,3,0,-0.952577987646727,-1.5992487952877377e-16,1.108058398639225
0,14,3,1,1.1693957836436721,-1.8292619748775906e-16,1.108058398639225
0,14,4,0,-0.952577987646727,-1.5992487952877377e-16,1.108058398639225
0,14,4,1,1.1693957836436721,-1.8292619748775906e-16,1.108058398639225
0,14,5,0,-0.952577987646727,-1.5992487952877377e-16,1.108058398639225
0,14,5,1,1.1693957836436721,-1.8292619748775906e-16,1.108058398639225
0,15,0,0,-0.7905194912247003,-2.179991112004746e-16,1.108058398639225
0,15,0,1,1.1304079663492406,-3.2117111880884833e-16,1.108058398639225
0,15,1,0,-0.7905194912247003,-2.179991112004746e-16,1.108058398639225
0,15,1,1,1.1304079663492406,-3.2117111880884833e-16,1.108058398639225
0,15,2,0,-0.7905194912247003,-2.179991112004746e-16,1.108058398639225
0,15,2,1,1.1304079663492406,-3.2117111880884833e-16,1.108058398639225
0,15,3,0,-0.7905194912247003,-2.179991112004746e-16,1.108058398639225
0,15,3,1,1.1304079663492406,-3.2117111880884833e-16,1.108058398639225
0,15,4,0,-0.7905194912247003,-2.179991112004746e-16,1.108058398639225
0,15,4,1,1.1304079663492406,-3.2117111880884833e-16,1.108058398639225
0,15,5,0,-0.7905194912247003,-2.179991112004746e-16,1.108058398639225
0,15,5,1,1.1304079663492406,-3.2117111880884833e-16,1.108058398639225
0,16,0,0,-1.185827102575909,-3.704657291414664e-16,1.108058398639225
0,16,0,1,1.2457982112594086,-7.06049712929609e-16,1.108058398639225
0,16,1,0,-1.185827102575909,-3.704657291414664e-16,1.108058398639225
0,16,1,1,1.2457982112594086,-7.06049712929609e-16,1.108058398639225
0,16,2,0,-1.185827102575909,-3.704657291414664e-16,1.108058398639225
0,16,2,1,1.2457982112594086,-7.06049712929609e-16,1.108058398639225
0,16,3,0,-1.185827102575909,-3.704657291414664e-16,1.108058398639225
0,16,3,1,1.2457982112594086,-7.06049712929609e-16,1.108058398639225
0,16,4,0,-1.185827102575909,-3.704657291414664e-16,1.108058398639225
0,16,4,1,1.2457982112594086,-7.06049712929609e-16,1.108058398639225
0,16,5,0,-1.185827102575909,-3.704657291414664e-16,1.108058398639225
0,16,5,1,1.2457982112594086,-7.06049712929609e-16,1.108058398639225
0,17,0,0,-0.8627358943956918,-6.106226635438361e-16,1.108058398639225
0,17,0,1,1.3156221384867681,-6.661338147750939e-16,1.108058398639225
0,17,1,0,-0.8627358943956918,-6.106226635438361e-16,1.108058398639225
0,17,1,1,1.3156221384867681,-6.661338147750939e-16,1.108058398639225
0,17,2,0,-0.8627358943956918,-6.106226635438361e-16,1.108058398639225
0,17,2,1,1.3156221384867681,-6.661338147750939e-16,1.108058398639225
0,17,3,0,-0.8627358943956918,-6.106226635438361e-16,1.108058398639225
0,17,3,1,1.3156221384867681,-6.661338147750939e-16,1.108058398639225
0,17,4,0,-0.8627358943956918,-6.106226635438361e-16,1.108058398639225
0,17,4,1,1.3156221384867681,-6.661338147750939e-16,1.108058398639225
0,17,5,0,-0.8627358943956918,-6.106226635438361e-16,1.108058398639225
0,17,5,1,1.3156221384867681,-6.661338147750939e-16,1.108058398639225
0,18,0,0,-1.0345331138535856,-1.5612530885582746e-16,1.108058398639225
0,18,0,1,1.3239923364527437,8.466586255776671e-18,1.108058398639225
0,18,1,0,-1.0345331138535856,-1.5612530885582746e-16,1.108058398639225
0,18,1,1,1.3239923364527437,8.466586255776671e-18,1.108058398639225
0,18,2,0,-1.0345331138535856,-1.5612530885582746e-16,1.108058398639225
0,18,2,1,1.3239923364527437,8.466586255776671e-18,1.108058398639225
0,18,3,0,-1.0345331138535856,-1.5612530885582746e-16,1.108058398639225
0,18,3,1,1.3239923364527437,8.466586255776671e-18,1.108058398639225
0,18,4,0,-1.0345331138535856,-1.5612530885582746e-16,1.108058398639225
0,18,4,1,1.3239923364527437,8.466586255776671e-18,1.108058398639225
0,18,5,0,-1.0345331138535856,-1.5612530885582746e-16,1.108058398639225
0,18,5,1,1.3239923364527437,8.466586255776671e-18,1.108058398639225
0,19,0,0,-1.0556152609562353,-1.3200246624118097e-15,1.108058398639225
0,19,0,1,1.3985815051561283,-4.579161333751612e-16,1.108058398639225
0,19,1,0,-1.0556152609562353,-1.3200246624118097e-15,1.108058398639225
0,19,1,1,1.3985815051561283,-4.579161333751612e-16,1.108058398639225
0,19,2,0,-1.0556152609562353,-1.3200246624118097e-15,1.108058398639225
0,19,2,1,1.3985815051561283,-4.579161333751612e-16,1.108058398639225
0,19,3,0,-1.0556152609562353,-1.3200246624118097e-15,1.108058398639225
0,19,3,1,1.3985815051561283,-4.579161333751612e-16,1.108058398639225
0,19,4,0,-1.0556152609562353,-1.3200246624118097e-15,1.108058398639225
0,19,4,1,1.3985815051561283,-4.579161333751612e-16,1.108058398639225
0,19,5,0,-1.0556152609562353,-1.3200246624118097e-15,1.108058398639225
0,19,5,1,1.3985815051561283,-4.579161333751612e-16,1.108058398639225
1,0,0,0,-1.0730113769676095,-2.2188209752297304e-16,1.1001848987915417
1,0,0,1,1.2158204815973022,-4.203550565223547e-16,1.1001848987915417
1,0,1,0,-1.0730113769676095,-2.2188209752297304e-16,1.1001848987915417
1,0,1,1,1.2158204815973022,-4.203550565223547e-16,1.1001848987915417
1,0,2,0,-1.0730113769676095,-2.2188209752297304e-16,1.1001848987915417
1,0,2,1,1.2158204815973022,-4.203550565223547e-16,1.1001848987915417
1,0,3,0,-1.0730113769676095,-2.2188209752297304e-16,1.1001848987915417
1,0,3,1,1.2158204815973022,-4.203550565223547e-16,1.1001848987915417
1,0,4,0,-1.0730113769676095,-2.2188209752297304e-16,1.1001848987915417
1,0,4,1,1.2158204815973022,-4.203550565223547e-16,1.1001848987915417
1,0,5,0,-1.0730113769676095,-2.2188209752297304e-16,1.1001848987915417
1,0,5,1,1.2158204815973022,-4.203550565223547e-16,1.1001848987915417
1,1,0,0,-0.9590334665302905,-5.179897356249301e-16,1.1001848987915417
1,1,0,1,1.3401815119049527,-5.783401259624124e-16,1.1001848987915417
1,1,1,0,-0.9590334665302905,-5.179897356249301e-16,1.1001848987915417
1,1,1,1,1.3401815119049527,-5.783401259624124e-16,1.1001848987915417
1,1,2,0,-0.9590334665302905,-5.179897356249301e-16,1.1001848987915417
1,1,2,1,1.3401815119049527,-5.783401259624124e-16,1.1001848987915417
1,1,3,0,-0.9590334665302905,-5.179897356249301e-16,1.1001848987915417
1,1,3,1,1.3401815119049527,-5.783401259624124e-16,1.1001848987915417
1,1,4,0,-0.9590334665302905,-5.179897356249301e-16,1.1001848987915417
1,1,4,1,1.3401815119049527,-5.783401259624124e-16,1.1001848987915417
1,1,5,0,-0.9590334665302905,-5.179897356249301e-16,1.1001848987915417
1,1,5,1,1.3401815119049527,-5.783401259624124e-16,1.1001848987915417
1,2,0,0,-0.9419498262814943,-5.551115123125783e-16,1.1001848987915417
1,2,0,1,0.9073716027953045,-5.551115123125783e-16,1.1001848987915417
1,2,1,0,-0.9419498262814943,-5.551115123125783e-16,1.1001848987915417
1,2,1,1,0.9073716027953045,-5.551115123125783e-16,1.1001848987915417
1,2,2,0,-0.9419498262814943,-5.551115123125783e-16,1.1001848987915417
1,2,2,1,0.9073716027953045,-5.551115123125783e-16,1.1001848987915417
1,2,3,0,-0.9419498262814943,-5.551115123125783e-16,1.1001848987915417
1,2,3,1,0.9073716027953045,-5.551115123125783e-16,1.1001848987915417
1,2,4,0,-0.9419498262814943,-5.551115123125783e-16,1.1001848987915417
1,2,4,1,0.9073716027953045,-5.551115123125783e-16,1.1001848987915417
1,2,5,0,-0.9419498262814943,-5.551115123125783e-16,1.1001848987915417
1,2,5,1,0.9073716027953045,-5.551115123125783e-16,1.1001848987915417
1,3,0,0,-1.048931697048837,4.38476080070543e-17,1.1001848987915417
1,3,0,1,1.2643166641155974,-3.3992943801001636e-16,1.1001848987915417
1,3,1,0,-1.048931697048837,4.38476080070543e-17,1.1001848987915417
1,3,1,1,1.2643166641155974,-3.3992943801001636e-16,1.1001848987915417
1,3,2,0,-1.048931697048837,4.38476080070543e-17,1.1001848987915417
1,3,2,1,1.2643166641155974,-3.3992943801001636e-16,1.1001848987915417
1,3,3,0,-1.048931697048837,4.38476080070543e-17,1.1001848987915417
1,3,3,1,1.2643166641155974,-3.3992943801001636e-16,1.1001848987915417
1,3,4,0,-1.048931697048837,4.38476080070543e-17,1.1001848987915417
1,3,4,1,1.2643166641155974,-3.3992943801001636e-16,1.1001848987915417
1,3,5,0,-1.048931697048837,4.38476080070543e-17,1.1001848987915417
1,3,5,1,1.2643166641155974,-3.3992943801001636e-16,1.1001848987915417
1,4,0,0,-0.7883829899443884,1.7996088832680958e-16,1.1001848987915417
1,4,0,1,1.0556596479535176,4.641237585854489e-16,1.1001848987915417
1,4,1,0,-0.7883829899443884,1.7996088832680958e-16,1.1001848987915417
1,4,1,1,1.0556596479535176,4.641237585854489e-16,1.1001848987915417
1,4,2,0,-0.7883829899443884,1.7996088832680958e-16,1.1001848987915417
1,4,2,1,1.0556596479535176,4.641237585854489e-16,1.1001848987915417
1,4,3,0,-0.7883829899443884,1.7996088832680958e-16,1.1001848987915417
1,4,3,1,1.0556596479535176,4.641237585854489e-16,1.1001848987915417
1,4,4,0,-0.7883829899443884,1.7996088832680958e-16,1.1001848987915417
1,4,4,1,1.0556596479535176,4.641237585854489e-16,1.1001848987915417
1,4,5,0,-0.7883829899443884,1.7996088832680958e-16,1.1001848987915417
1,4,5,1,1.0556596479535176,4.641237585854489e-16,1.1001848987915417
1,5,0,0,-1.0206196536972936,-2.414604550806104e-16,1.1001848987915417
1,5,0,1,0.813353452900319,1.2779983414604457e-17,1.1001848987915417
1,5,1,0,-1.0206196536972936,-2.414604550806104e-16,1.1001848987915417
1,5,1,1,0.813353452900319,1.2779983414604457e-17,1.1001848987915417
1,5,2,0,-1.0206196536972936,-2.414604550806104e-16,1.1001848987915417
1,5,2,1,0.813353452900319,1.2779983414604457e-17,1.1001848987915417
1,5,3,0,-1.0206196536972936,-2.414604550806104e-16,1.1001848987915417
1,5,3,1,0.813353452900319,1.2779983414604457e-17,1.1001848987915417
1,5,4,0,-1.0206196536972936,-2.414604550806104e-16,1.1001848987915417
1,5,4,1,0.813353452900319,1.2779983414604457e-17,1.1001848987915417
1,5,5,0,-1.0206196536972936,-2.414604550806104e-16,1.1001848987915417
1,5,5,1,0.813353452900319,1.2779983414604457e-17,1.1001848987915417
1,6,0,0,-0.8650686208718448,-4.6853333705896e-16,1.1001848987915417
1,6,0,1,1.2593355279831817,-3.5172422279898e-16,1.1001848987915417
1,6,1,0,-0.8650686208718448,-4.6853333705896e-16,1.1001848987915417
1,6,1,1,1.2593355279831817,-3.5172422279898e-16,1.1001848987915417
1,6,2,0,-0.8650686208718448,-4.6853333705896e-16,1.1001848987915417
1,6,2,1,1.2593355279831817,-3.5172422279898e-16,1.1001848987915417
1,6,3,0,-0.8650686208718448,-4.6853333705896e-16,1.1001848987915417
1,6,3,1,1.2593355279831817,-3.5172422279898e-16,1.1001848987915417
1,6,4,0,-0.8650686208718448,-4.6853333705896e-16,1.1001848987915417
1,6,4,1,1.2593355279831817,-3.5172422279898e-16,1.1001848987915417
1,6,5,0,-0.8650686208718448,-4.6853333705896e-16,1.1001848987915417
1,6,5,1,1.2593355279831817,-3.5172422279898e-16,1.1001848987915417
1,7,0,0,-0.9284860148922167,-2.1337098754514727e-16,1.1001848987915417
1,7,0,1,0.8377115596411789,-2.220446049250313e-16,1.1001848987915417
1,7,1,0,-0.9284860148922167,-2.1337098754514727e-16,1.1001848987915417
1,7,1,1,0.8377115596411789,-2.220446049250313e-16,1.1001848987915417
1,7,2,0,-0.9284860148922167,-2.1337098754514727e-16,1.1001848987915417
1,7,2,1,0.8377115596411789,-2.220446049250313e-16,1.1001848987915417
1,7,3,0,-0.9284860148922167,-2.1337098754514727e-16,1.1001848987915417
1,7,3,1,0.8377115596411789,-2.220446049250313e-16,1.1001848987915417
1,7,4,0,-0.9284860148922167,-2.1337098754514727e-16,1.1001848987915417
1,7,4,1,0.8377115596411789,-2.220446049250313e-16,1.1001848987915417
1,7,5,0,-0.9284860148922167,-2.1337098754514727e-16,1.1001848987915417
1,7,5,1,0.8377115596411789,-2.220446049250313e-16,1.1001848987915417
1,8,0,0,-0.9746330533701254,-1.1770839325216536e-17,1.1001848987915417
1,8,0,1,0.8963663959899612,-2.1403911766331253e-19,1.1001848987915417
1,8,1,0,-0.9746330533701254,-1.1770839325216536e-17,1.1001848987915417
1,8,1,1,0.8963663959899612,-2.1403911766331253e-19,1.1001848987915417
1,8,2,0,-0.9746330533701254,-1.1770839325216536e-17,1.1001848987915417
1,8,2,1,0.8963663959899612,-2.1403911766331253e-19,1.1001848987915417
1,8,3,0,-0.9746330533701254,-1.1770839325216536e-17,1.1001848987915417
1,8,3,1,0.8963663959899612,-2.1403911766331253e-19,1.1001848987915417
1,8,4,0,-0.9746330533701254,-1.1770839325216536e-17,1.1001848987915417
1,8,4,1,0.8963663959899612,-2.1403911766331253e-19,1.1001848987915417
1,8,5,0,-0.9746330533701254,-1.1770839325216536e-17,1.1001848987915417
1,8,5,1,0.8963663959899612,-2.1403911766331253e-19,1.1001848987915417
1,9,0,0,-0.7366628040155584,-3.1994269988692374e-17,1.1001848987915417
1,9,0,1,1.066204740213966,-1.4932566929276235e-16,1.1001848987915417
1,9,1,0,-0.7366628040155584,-3.1994269988692374e-17,1.1001848987915417
1,9,1,1,1.066204740213966,-1.4932566929276235e-16,1.1001848987915417
1,9,2,0,-0.7366628040155584,-3.1994269988692374e-17,1.1001848987915417
1,9,2,1,1.066204740213966,-1.4932566929276235e-16,1.1001848987915417
1,9,3,0,-0.7366628040155584,-3.1994269988692374e-17,1.1001848987915417
1,9,3,1,1.066204740213966,-1.4932566929276235e-16,1.1001848987915417
1,9,4,0,-0.7366628040155584,-3.1994269988692374e-17,1.1001848987915417
1,9,4,1,1.066204740213966,-1.4932566929276235e-16,1.1001848987915417
1,9,5,0,-0.7366628040155584,-3.1994269988692374e-17,1.1001848987915417
1,9,5,1,1.066204740213966,-1.4932566929276235e-16,1.1001848987915417
1,10,0,0,-1.13797578634323,-1.8652732231641199e-16,1.1001848987915417
1,10,0,1,0.7704059761549538,-2.413561781387354e-16,1.1001848987915417
1,10,1,0,-1.13797578634323,-1.8652732231641199e-16,1.1001848987915417
1,10,1,1,0.7704059761549538,-2.413561781387354e-16,1.1001848987915417
1,10,2,0,-1.13797578634323,-1.8652732231641199e-16,1.1001848987915417
1,10,2,1,0.7704059761549538,-2.413561781387354e-16,1.1001848987915417
1,10,3,0,-1.13797578634323,-1.8652732231641199e-16,1.1001848987915417
1,10,3,1,0.7704059761549538,-2.413561781387354e-16,1.1001848987915417
1,10,4,0,-1.13797578634323,-1.8652732231641199e-16,1.1001848987915417
1,10,4,1,0.7704059761549538,-2.413561781387354e-16,1.1001848987915417
1,10,5,0,-1.13797578634323,-1.8652732231641199e-16,1.1001848987915417
1,10,5,1,0.7704059761549538,-2.413561781387354e-16,1.1001848987915417
1,11,0,0,-0.823913572107534,-4.7679865516231545e-16,1.1001848987915417
1,11,0,1,0.9953410191810507,-4.860066909104774e-16,1.1001848987915417
1,11,1,0,-0.823913572107534,-4.7679865516231545e-16,1.1001848987915417
1,11,1,1,0.9953410191810507,-4.860066909104774e-16,1.1001848987915417
1,11,2,0,-0.823913572107534,-4.7679865516231545e-16,1.1001848987915417
1,11,2,1,0.9953410191810507,-4.860066909104774e-16,1.1001848987915417
1,11,3,0,-0.823913572107534,-4.7679865516231545e-16,1.1001848987915417
1,11,3,1,0.9953410191810507,-4.860066909104774e-16,1.1001848987915417
1,11,4,0,-0.823913572107534,-4.7679865516231545e-16,1.1001848987915417
1,11,4,1,0.9953410191810507,-4.860066909104774e-16,1.1001848987915417
1,11,5,0,-0.823913572107534,-4.7679865516231545e-16,1.1001848987915417
1,11,5,1,0.9953410191810507,-4.860066909104774e-16,1.1001848987915417
1,12,0,0,-0.9849125902369874,-3.3306690738754696e-16,1.1001848987915417
1,12,0,1,0.9780061172463844,-1.6653345369377348e-16,1.1001848987915417
1,12,1,0,-0.9849125902369874,-3.3306690738754696e-16,1.1001848987915417
1,12,1,1,0.9780061172463844,-1.6653345369377348e-16,1.1001848987915417
1,12,2,0,-0.9849125902369874,-3.3306690738754696e-16,1.1001848987915417
1,12,2,1,0.9780061172463844,-1.6653345369377348e-16,1.1001848987915417
1,12,3,0,-0.9849125902369874,-3.3306690738754696e-16,1.1001848987915417
1,12,3,1,0.9780061172463844,-1.6653345369377348e-16,1.1001848987915417
1,12,4,0,-0.9849125902369874,-3.3306690738754696e-16,1.1001848987915417
1,12,4,1,0.9780061172463844,-1.6653345369377348e-16,1.1001848987915417
1,12,5,0,-0.9849125902369874,-3.3306690738754696e-16,1.1001848987915417
1,12,5,1,0.9780061172463844,-1.6653345369377348e-16,1.1001848987915417
1,13,0,0,-1.0986225456457162,7.851183245323335e-17,1.1001848987915417
1,13,0,1,0.7554564619775926,1.0704032272621496e-16,1.1001848987915417
1,13,1,0,-1.0986225456457162,7.851183245323335e-17,1.1001848987915417
1,13,1,1,0.7554564619775926,1.0704032272621496e-16,1.1001848987915417
1,13,2,0,-1.0986225456457162,7.851183245323335e-17,1.1001848987915417
1,13,2,1,0.7554564619775926,1.0704032272621496e-16,1.1001848987915417
1,13,3,0,-1.0986225456457162,7.851183245323335e-17,1.1001848987915417
1,13,3,1,0.7554564619775926,1.0704032272621496e-16,1.1001848987915417
1,13,4,0,-1.0986225456457162,7.851183245323335e-17,1.1001848987915417
1,13,4,1,0.7554564619775926,1.0704032272621496e-16,1.1001848987915417
1,13,5,0,-1.0986225456457162,7.851183245323335e-17,1.1001848987915417
1,13,5,1,0.7554564619775926,1.0704032272621496e-16,1.1001848987915417
1,14,0,0,-0.7788865913383913,-4.7264493491522533e-17,1.1001848987915417
1,14,0,1,1.004402464287064,1.2409196073061356e-17,1.1001848987915417
1,14,1,0,-0.7788865913383913,-4.7264493491522533e-17,1.1001848987915417
1,14,1,1,1.004402464287064,1.2409196073061356e-17,1.1001848987915417
1,14,2,0,-0.7788865913383913,-4.7264493491522533e-17,1.1001848987915417
1,14,2,1,1.004402464287064,1.2409196073061356e-17,1.1001848987915417
1,14,3,0,-0.7788865913383913,-4.7264493491522533e-17,1.1001848987915417
1,14,3,1,1.004402464287064,1.2409196073061356e-17,1.1001848987915417
1,14,4,0,-0.7788865913383913,-4.7264493491522533e-17,1.1001848987915417
1,14,4,1,1.004402464287064,1.2409196073061356e-17,1.1001848987915417
1,14,5,0,-0.7788865913383913,-4.7264493491522533e-17,1.1001848987915417
1,14,5,1,1.004402464287064,1.2409196073061356e-17,1.1001848987915417
1,15,0,0,-1.315446168510783,1.2879753983657118e-17,1.1001848987915417
1,15,0,1,0.9774406554219265,-4.964335607079798e-16,1.1001848987915417
1,15,1,0,-1.315446168510783,1.2879753983657118e-17,1.1001848987915417
1,15,1,1,0.9774406554219265,-4.964335607079798e-16,1.1001848987915417
1,15,2,0,-1.315446168510783,1.2879753983657118e-17,1.1001848987915417
1,15,2,1,0.9774406554219265,-4.964335607079798e-16,1.1001848987915417
1,15,3,0,-1.315446168510783,1.2879753983657118e-17,1.1001848987915417
1,15,3,1,0.9774406554219265,-4.964335607079798e-16,1.1001848987915417
1,15,4,0,-1.315446168510783,1.2879753983657118e-17,1.1001848987915417
1,15,4,1,0.9774406554219265,-4.964335607079798e-16,1.1001848987915417
1,15,5,0,-1.315446168510783,1.2879753983657118e-17,1.1001848987915417
1,15,5,1,0.9774406554219265,-4.964335607079798e-16,1.1001848987915417
1,16,0,0,-0.9685817852120122,-4.2435854585535737e-16,1.1001848987915417
1,16,0,1,0.8325777537957184,-1.9973469398311356e-16,1.1001848987915417
1,16,1,0,-0.9685817852120122,-4.2435854585535737e-16,1.1001848987915417
1,16,1,1,0.8325777537957184,-1.9973469398311356e-16,1.1001848987915417
1,16,2,0,-0.9685817852120122,-4.2435854585535737e-16,1.1001848987915417
1,16,2,1,0.8325777537957184,-1.9973469398311356e-16,1.1001848987915417
1,16,3,0,-0.9685817852120122,-4.2435854585535737e-16,1.1001848987915417
1,16,3,1,0.8325777537957184,-1.9973469398311356e-16,1.1001848987915417
1,16,4,0,-0.9685817852120122,-4.2435854585535737e-16,1.1001848987915417
1,16,4,1,0.8325777537957184,-1.9973469398311356e-16,1.1001848987915417
1,16,5,0,-0.9685817852120122,-4.2435854585535737e-16,1.1001848987915417
1,16,5,1,0.8325777537957184,-1.9973469398311356e-16,1.1001848987915417
1,17,0,0,-1.076007160512748,-2.220446049250313e-16,1.1001848987915417
1,17,0,1,1.0647086428365597,2.7755575615628914e-17,1.1001848987915417
1,17,1,0,-1.076007160512748,-2.220446049250313e-16,1.1001848987915417
1,17,1,1,1.0647086428365597,2.7755575615628914e-17,1.1001848987915417
1,17,2,0,-1.076007160512748,-2.220446049250313e-16,1.1001848987915417
1,17,2,1,1.0647086428365597,2.7755575615628914e-17,1.1001848987915417
1,17,3,0,-1.076007160512748,-2.220446049250313e-16,1.1001848987915417
1,17,3,1,1.0647086428365597,2.7755575615628914e-17,1.1001848987915417
1,17,4,0,-1.076007160512748,-2.220446049250313e-16,1.1001848987915417
1,17,4,1,1.0647086428365597,2.7755575615628914e-17,1.1001848987915417
1,17,5,0,-1.076007160512748,-2.220446049250313e-16,1.1001848987915417
1,17,5,1,1.0647086428365597,2.7755575615628914e-17,1.1001848987915417
1,18,0,0,-1.3455255401231137,-6.404356466191362e-16,1.1001848987915417
1,18,0,1,0.9632337761176581,-1.71190478274211e-16,1.1001848987915417
1,18,1,0,-1.3455255401231137,-6.404356466191362e-16,1.1001848987915417
1,18,1,1,0.9632337761176581,-1.71190478274211e-16,1.1001848987915417
1,18,2,0,-1.3455255401231137,-6.404356466191362e-16,1.1001848987915417
1,18,2,1,0.9632337761176581,-1.71190478274211e-16,1.1001848987915417
1,18,3,0,-1.3455255401231137,-6.404356466191362e-16,1.1001848987915417
1,18,3,1,0.9632337761176581,-1.71190478274211e-16,1.1001848987915417
1,18,4,0,-1.3455255401231137,-6.404356466191362e-16,1.1001848987915417
1,18,4,1,0.9632337761176581,-1.71190478274211e-16,1.1001848987915417
1,18,5,0,-1.3455255401231137,-6.404356466191362e-16,1.1001848987915417
1,18,5,1,0.9632337761176581,-1.71190478274211e-16,1.1001848987915417
1,19,0,0,-1.1124283465782943,-4.0410891826389096e-16,1.1001848987915417
1,19,0,1,0.992276398938442,-2.4904176702306616e-16,1.1001848987915417
1,19,1,0,-1.1124283465782943,-4.0410891826389096e-16,1.1001848987915417
1,19,1,1,0.992276398938442,-2.4904176702306616e-16,1.1001848987915417
1,19,2,0,-1.1124283465782943,-4.0410891826389096e-16,1.1001848987915417
1,19,2,1,0.992276398938442,-2.4904176702306616e-16,1.1001848987915417
1,19,3,0,-1.1124283465782943,-4.0410891826389096e-16,1.1001848987915417
1,19,3,1,0.992276398938442,-2.4904176702306616e-16,1.1001848987915417
1,19,4,0,-1.1124283465782943,-4.0410891826389096e-16,1.1001848987915417
1,19,4,1,0.992276398938442,-2.4904176702306616e-16,1.1001848987915417
1,19,5,0,-1.1124283465782943,-4.0410891826389096e-16,1.1001848987915417
1,19,5,1,0.992276398938442,-2.4904176702306616e-16,1.1001848987915417
2,0,0,0,-0.9540274303212394,-1.0793907742038989e-16,1.0670102032932145
2,0,0,1,1.1820414478560444,-3.7293987752868656e-16,1.0670102032932145
2,0,1,0,-0.9540274303212394,-1.0793907742038989e-16,1.0670102032932145
2,0,1,1,1.1820414478560444,-3.7293987752868656e-16,1.0670102032932145
2,0,2,0,-0.9540274303212394,-1.0793907742038989e-16,1.0670102032932145
2,0,2,1,1.1820414478560444,-3.7293987752868656e-16,1.0670102032932145
2,0,3,0,-0.9540274303212394,-1.0793907742038989e-16,1.0670102032932145
2,0,3,1,1.1820414478560444,-3.7293987752868656e-16,1.0670102032932145
2,0,4,0,-0.9540274303212394,-1.0793907742038989e-16,1.0670102032932145
2,0,4,1,1.1820414478560444,-3.7293987752868656e-16,1.0670102032932145
2,0,5,0,-0.9540274303212394,-1.0793907742038989e-16,1.0670102032932145
2,0,5,1,1.1820414478560444,-3.7293987752868656e-16,1.0670102032932145
2,1,0,0,-1.1057566452982164,-1.6674458075117474e-16,1.0670102032932145
2,1,0,1,1.0612567044834884,-4.574010307357344e-16,1.0670102032932145
2,1,1,0,-1.1057566452982164,-1.6674458075117474e-16,1.0670102032932145
2,1,1,1,1.0612567044834884,-4.574010307357344e-16,1.0670102032932145
2,1,2,0,-1.1057566452982164,-1.6674458075117474e-16,1.0670102032932145
2,1,2,1,1.0612567044834884,-4.574010307357344e-16,1.0670102032932145
2,1,3,0,-1.1057566452982164,-1.6674458075117474e-16,1.0670102032932145
2,1,3,1,1.0612567044834884,-4.574010307357344e-16,1.0670102032932145
2,1,4,0,-1.1057566452982164,-1.6674458075117474e-16,1.0670102032932145
2,1,4,1,1.0612567044834884,-4.574010307357344e-16,1.0670102032932145
2,1,5,0,-1.1057566452982164,-1.6674458075117474e-16,1.0670102032932145
2,1,5,1,1.0612567044834884,-4.574010307357344e-16,1.0670102032932145
2,2,0,0,-1.0664207481477155,5.551115123125783e-17,1.0670102032932145
2,2,0,1,1.4766773201783931,-1.6653345369377348e-16,1.0670102032932145
2,2,1,0,-1.0664207481477155,5.551115123125783e-17,1.0670102032932145
2,2,1,1,1.4766773201783931,-1.6653345369377348e-16,1.0670102032932145
2,2,2,0,-1.0664207481477155,5.551115123125783e-17,1.0670102032932145
2,2,2,1,1.4766773201783931,-1.6653345369377348e-16,1.0670102032932145
2,2,3,0,-1.0664207481477155,5.551115123125783e-17,1.0670102032932145
2,2,3,1,1.4766773201783931,-1.6653345369377348e-16,1.0670102032932145
2,2,4,0,-1.0664207481477155,5.551115123125783e-17,1.0670102032932145
2,2,4,1,1.4766773201783931,-1.6653345369377348e-16,1.0670102032932145
2,2,5,0,-1.0664207481477155,5.551115123125783e-17,1.0670102032932145
2,2,5,1,1.4766773201783931,-1.6653345369377348e-16,1.0670102032932145
2,3,0,0,-1.1102185403548182,-2.639443984961237e-16,1.0670102032932145
2,3,0,1,1.0677532274214283,-2.2310609453479975e-16,1.0670102032932145
2,3,1,0,-1.1102185403548182,-2.639443984961237e-16,1.0670102032932145
2,3,1,1,1.0677532274214283,-2.2310609453479975e-16,1.0670102032932145
2,3,2,0,-1.1102185403548182,-2.639443984961237e-16,1.0670102032932145
2,3,2,1,1.0677532274214283,-2.2310609453479975e-16,1.0670102032932145
2,3,3,0,-1.1102185403548182,-2.639443984961237e-16,1.0670102032932145
2,3,3,1,1.0677532274214283,-2.2310609453479975e-16,1.0670102032932145
2,3,4,0,-1.1102185403548182,-2.639443984961237e-16,1.0670102032932145
2,3,4,1,1.0677532274214283,-2.2310609453479975e-16,1.0670102032932145
2,3,5,0,-1.1102185403548182,-2.639443984961237e-16,1.0670102032932145
2,3,5,1,1.0677532274214283,-2.2310609453479975e-16,1.0670102032932145
2,4,0,0,-1.168135186187234,-2.7592508797983917e-16,1.0670102032932145
2,4,0,1,1.1958640903283182,-1.2269393901190834e-16,1.0670102032932145
2,4,1,0,-1.168135186187234,-2.7592508797983917e-16,1.0670102032932145
2,4,1,1,1.1958640903283182,-1.2269393901190834e-16,1.0670102032932145
2,4,2,0,-1.168135186187234,-2.7592508797983917e-16,1.0670102032932145
2,4,2,1,1.1958640903283182,-1.2269393901190834e-16,1.0670102032932145
2,4,3,0,-1.168135186187234,-2.7592508797983917e-16,1.0670102032932145
2,4,3,1,1.1958640903283182,-1.2269393901190834e-16,1.0670102032932145
2,4,4,0,-1.168135186187234,-2.7592508797983917e-16,1.0670102032932145
2,4,4,1,1.1958640903283182,-1.2269393901190834e-16,1.0670102032932145
2,4,5,0,-1.168135186187234,-2.7592508797983917e-16,1.0670102032932145
2,4,5,1,1.1958640903283182,-1.2269393901190834e-16,1.0670102032932145
2,5,0,0,-0.8464506510448953,-1.8093398859304487e-16,1.0670102032932145
2,5,0,1,1.241783130369316,-1.4910697353041882e-16,1.0670102032932145
2,5,1,0,-0.8464506510448953,-1.8093398859304487e-16,1.0670102032932145
2,5,1,1,1.241783130369316,-1.4910697353041882e-16,1.0670102032932145
2,5,2,0,-0.8464506510448953,-1.8093398859304487e-16,1.0670102032932145
2,5,2,1,1.241783130369316,-1.4910697353041882e-16,1.0670102032932145
2,5,3,0,-0.8464506510448953,-1.8093398859304487e-16,1.0670102032932145
2,5,3,1,1.241783130369316,-1.4910697353041882e-16,1.0670102032932145
2,5,4,0,-0.8464506510448953,-1.8093398859304487e-16,1.0670102032932145
2,5,4,1,1.241783130369316,-1.4910697353041882e-16,1.0670102032932145
2,5,5,0,-0.8464506510448953,-1.8093398859304487e-16,1.0670102032932145
2,5,5,1,1.241783130369316,-1.4910697353041882e-16,1.0670102032932145
2,6,0,0,-1.3134806508064616,-4.456230241250409e-16,1.0670102032932145
2,6,0,1,0.9817946751445681,-1.989988103125851e-16,1.0670102032932145
2,6,1,0,-1.3134806508064616,-4.456230241250409e-16,1.0670102032932145
2,6,1,1,0.9817946751445681,-1.989988103125851e-16,1.0670102032932145
2,6,2,0,-1.3134806508064616,-4.456230241250409e-16,1.0670102032932145
2,6,2,1,0.9817946751445681,-1.989988103125851e-16,1.0670102032932145
2,6,3,0,-1.3134806508064616,-4.456230241250409e-16,1.0670102032932145
2,6,3,1,0.9817946751445681,-1.989988103125851e-16,1.0670102032932145
2,6,4,0,-1.3134806508064616,-4.456230241250409e-16,1.0670102032932145
2,6,4,1,0.9817946751445681,-1.989988103125851e-16,1.0670102032932145
2,6,5,0,-1.3134806508064616,-4.456230241250409e-16,1.0670102032932145
2,6,5,1,0.9817946751445681,-1.989988103125851e-16,1.0670102032932145
2,7,0,0,-1.1831301436165313,-3.885780586188048e-16,1.0670102032932145
2,7,0,1,1.4978400421040128,-2.7755575615628914e-17,1.0670102032932145
2,7,1,0,-1.1831301436165313,-3.885780586188048e-16,1.0670102032932145
2,7,1,1,1.4978400421040128,-2.7755575615628914e-17,1.0670102032932145
2,7,2,0,-1.1831301436165313,-3.885780586188048e-16,1.0670102032932145
2,7,2,1,1.4978400421040128,-2.7755575615628914e-17,1.0670102032932145
2,7,3,0,-1.1831301436165313,-3.885780586188048e-16,1.0670102032932145
2,7,3,1,1.4978400421040128,-2.7755575615628914e-17,1.0670102032932145
2,7,4,0,-1.1831301436165313,-3.885780586188048e-16,1.0670102032932145
2,7,4,1,1.4978400421040128,-2.7755575615628914e-17,1.0670102032932145
2,7,5,0,-1.1831301436165313,-3.885780586188048e-16,1.0670102032932145
2,7,5,1,1.4978400421040128,-2.7755575615628914e-17,1.0670102032932145
2,8,0,0,-1.0895832656830717,-2.895275515522998e-16,1.0670102032932145
2,8,0,1,1.1332671604028786,-4.921445263754574e-16,1.0670102032932145
2,8,1,0,-1.0895832656830717,-2.895275515522998e-16,1.0670102032932145
2,8,1,1,1.1332671604028786,-4.921445263754574e-16,1.0670102032932145
2,8,2,0,-1.0895832656830717,-2.895275515522998e-16,1.0670102032932145
2,8,2,1,1.1332671604028786,-4.921445263754574e-16,1.0670102032932145
2,8,3,0,-1.0895832656830717,-2.895275515522998e-16,1.0670102032932145
2,8,3,1,1.1332671604028786,-4.921445263754574e-16,1.0670102032932145
2,8,4,0,-1.0895832656830717,-2.895275515522998e-16,1.0670102032932145
2,8,4,1,1.1332671604028786,-4.921445263754574e-16,1.0670102032932145
2,8,5,0,-1.0895832656830717,-2.895275515522998e-16,1.0670102032932145
2,8,5,1,1.1332671604028786,-4.921445263754574e-16,1.0670102032932145
2,9,0,0,-1.1613967465613793,-2.6166998748068225e-16,1.0670102032932145
2,9,0,1,0.871049973948775,-3.679722469584336e-16,1.0670102032932145
2,9,1,0,-1.1613967465613793,-2.6166998748068225e-16,1.0670102032932145
2,9,1,1,0.871049973948775,-3.679722469584336e-16,1.0670102032932145
2,9,2,0,-1.1613967465613793,-2.6166998748068225e-16,1.0670102032932145
2,9,2,1,0.871049973948775,-3.679722469584336e-16,1.0670102032932145
2,9,3,0,-1.1613967465613793,-2.6166998748068225e-16,1.0670102032932145
2,9,3,1,0.871049973948775,-3.679722469584336e-16,1.0670102032932145
2,9,4,0,-1.1613967465613793,-2.6166998748068225e-16,1.0670102032932145
2,9,4,1,0.871049973948775,-3.679722469584336e-16,1.0670102032932145
2,9,5,0,-1.1613967465613793,-2.6166998748068225e-16,1.0670102032932145
2,9,5,1,0.871049973948775,-3.679722469584336e-16,1.0670102032932145
2,10,0,0,-0.9491445714562419,-3.81821277959511e-16,1.0670102032932145
2,10,0,1,1.3659741894705073,-1.7107255696011572e-16,1.0670102032932145
2,10,1,0,-0.9491445714562419,-3.81821277959511e-16,1.0670102032932145
2,10,1,1,1.3659741894705073,-1.7107255696011572e-16,1.0670102032932145
2,10,2,0,-0.9491445714562419,-3.81821277959511e-16,1.0670102032932145
2,10,2,1,1.3659741894705073,-1.7107255696011572e-16,1.0670102032932145
2,10,3,0,-0.9491445714562419,-3.81821277959511e-16,1.0670102032932145
2,10,3,1,1.3659741894705073,-1.7107255696011572e-16,1.0670102032932145
2,10,4,0,-0.9491445714562419,-3.81821277959511e-16,1.0670102032932145
2,10,4,1,1.3659741894705073,-1.7107255696011572e-16,1.0670102032932145
2,10,5,0,-0.9491445714562419,-3.81821277959511e-16,1.0670102032932145
2,10,5,1,1.3659741894705073,-1.7107255696011572e-16,1.0670102032932145
2,11,0,0,-1.5054657330391872,2.4665889495699096e-16,1.0670102032932145
2,11,0,1,1.1519238177679207,-4.2579903183955733e-16,1.0670102032932145
2,11,1,0,-1.5054657330391872,2.4665889495699096e-16,1.0670102032932145
2,11,1,1,1.1519238177679207,-4.2579903183955733e-16,1.0670102032932145
2,11,2,0,-1.5054657330391872,2.4665889495699096e-16,1.0670102032932145
2,11,2,1,1.1519238177679207,-4.2579903183955733e-16,1.0670102032932145
2,11,3,0,-1.5054657330391872,2.4665889495699096e-16,1.0670102032932145
2,11,3,1,1.1519238177679207,-4.2579903183955733e-16,1.0670102032932145
2,11,4,0,-1.5054657330391872,2.4665889495699096e-16,1.0670102032932145
2,11,4,1,1.1519238177679207,-4.2579903183955733e-16,1.0670102032932145
2,11,5,0,-1.5054657330391872,2.4665889495699096e-16,1.0670102032932145
2,11,5,1,1.1519238177679207,-4.2579903183955733e-16,1.0670102032932145
2,12,0,0,-1.1286536300441412,-1.1796119636642288e-16,1.0670102032932145
2,12,0,1,1.1388359868736384,-3.0704605524789486e-16,1.0670102032932145
2,12,1,0,-1.1286536300441412,-1.1796119636642288e-16,1.0670102032932145
2,12,1,1,1.1388359868736384,-3.0704605524789486e-16,1.0670102032932145
2,12,2,0,-1.1286536300441412,-1.1796119636642288e-16,1.0670102032932145
2,12,2,1,1.1388359868736384,-3.0704605524789486e-16,1.0670102032932145
2,12,3,0,-1.1286536300441412,-1.1796119636642288e-16,1.0670102032932145
2,12,3,1,1.1388359868736384,-3.0704605524789486e-16,1.0670102032932145
2,12,4,0,-1.1286536300441412,-1.1796119636642288e-16,1.0670102032932145
2,12,4,1,1.1388359868736384,-3.0704605524789486e-16,1.0670102032932145
2,12,5,0,-1.1286536300441412,-1.1796119636642288e-16,1.0670102032932145
2,12,5,1,1.1388359868736384,-3.0704605524789486e-16,1.0670102032932145
2,13,0,0,-0.9836805626709805,-1.778150416460818e-16,1.0670102032932145
2,13,0,1,1.1454023285748542,-1.2499536588526307e-16,1.0670102032932145
2,13,1,0,-0.9836805626709805,-1.778150416460818e-16,1.0670102032932145
2,13,1,1,1.1454023285748542,-1.2499536588526307e-16,1.0670102032932145
2,13,2,0,-0.9836805626709805,-1.778150416460818e-16,1.0670102032932145
2,13,2,1,1.1454023285748542,-1.2499536588526307e-16,1.0670102032932145
2,13,3,0,-0.9836805626709805,-1.778150416460818e-16,1.0670102032932145
2,13,3,1,1.1454023285748542,-1.2499536588526307e-16,1.0670102032932145
2,13,4,0,-0.9836805626709805,-1.778150416460818e-16,1.0670102032932145
2,13,4,1,1.1454023285748542,-1.2499536588526307e-16,1.0670102032932145
2,13,5,0,-0.9836805626709805,-1.778150416460818e-16,1.0670102032932145
2,13,5,1,1.1454023285748542,-1.2499536588526307e-16,1.0670102032932145
2,14,0,0,-1.3803842606999575,-3.006899118291504e-16,1.0670102032932145
2,14,0,1,0.924352346481827,-2.444089643488516e-16,1.0670102032932145
2,14,1,0,-1.3803842606999575,-3.006899118291504e-16,1.0670102032932145
2,14,1,1,0.924352346481827,-2.444089643488516e-16,1.0670102032932145
2,14,2,0,-1.3803842606999575,-3.006899118291504e-16,1.0670102032932145
2,14,2,1,0.924352346481827,-2.444089643488516e-16,1.0670102032932145
2,14,3,0,-1.3803842606999575,-3.006899118291504e-16,1.0670102032932145
2,14,3,1,0.924352346481827,-2.444089643488516e-16,1.0670102032932145
2,14,4,0,-1.3803842606999575,-3.006899118291504e-16,1.0670102032932145
2,14,4,1,0.924352346481827,-2.444089643488516e-16,1.0670102032932145
2,14,5,0,-1.3803842606999575,-3.006899118291504e-16,1.0670102032932145
2,14,5,1,0.924352346481827,-2.444089643488516e-16,1.0670102032932145
2,15,0,0,-1.0348457004102396,-2.3391285494479666e-16,1.0670102032932145
2,15,0,1,1.24236494200744,-2.708551528939781e-16,1.0670102032932145
2,15,1,0,-1.0348457004102396,-2.3391285494479666e-16,1.0670102032932145
2,15,1,1,1.24236494200744,-2.708551528939781e-16,1.0670102032932145
2,15,2,0,-1.0348457004102396,-2.3391285494479666e-16,1.0670102032932145
2,15,2,1,1.24236494200744,-2.708551528939781e-16,1.0670102032932145
2,15,3,0,-1.0348457004102396,-2.3391285494479666e-16,1.0670102032932145
2,15,3,1,1.24236494200744,-2.708551528939781e-16,1.0670102032932145
2,15,4,0,-1.0348457004102396,-2.3391285494479666e-16,1.0670102032932145
2,15,4,1,1.24236494200744,-2.708551528939781e-16,1.0670102032932145
2,15,5,0,-1.0348457004102396,-2.3391285494479666e-16,1.0670102032932145
2,15,5,1,1.24236494200744,-2.708551528939781e-16,1.0670102032932145
2,16,0,0,-1.4103183900951004,8.261259037499056e-18,1.0670102032932145
2,16,0,1,1.1887582512140613,-4.1401408911675263e-16,1.0670102032932145
2,16,1,0,-1.4103183900951004,8.261259037499056e-18,1.0670102032932145
2,16,1,1,1.1887582512140613,-4.1401408911675263e-16,1.0670102032932145
2,16,2,0,-1.4103183900951004,8.261259037499056e-18,1.0670102032932145
2,16,2,1,1.1887582512140613,-4.1401408911675263e-16,1.0670102032932145
2,16,3,0,-1.4103183900951004,8.261259037499056e-18,1.0670102032932145
2,16,3,1,1.1887582512140613,-4.1401408911675263e-16,1.0670102032932145
2,16,4,0,-1.4103183900951004,8.261259037499056e-18,1.0670102032932145
2,16,4,1,1.1887582512140613,-4.1401408911675263e-16,1.0670102032932145
2,16,5,0,-1.4103183900951004,8.261259037499056e-18,1.0670102032932145
2,16,5,1,1.1887582512140613,-4.1401408911675263e-16,1.0670102032932145
2,17,0,0,-1.1437354415660028,-2.220446049250313e-16,1.0670102032932145
2,17,0,1,0.8860674881238639,2.7755575615628914e-17,1.0670102032932145
2,17,1,0,-1.1437354415660028,-2.220446049250313e-16,1.0670102032932145
2,17,1,1,0.8860674881238639,2.7755575615628914e-17,1.0670102032932145
2,17,2,0,-1.1437354415660028,-2.220446049250313e-16,1.0670102032932145
2,17,2,1,0.8860674881238639,2.7755575615628914e-17,1.0670102032932145
2,17,3,0,-1.1437354415660028,-2.220446049250313e-16,1.0670102032932145
2,17,3,1,0.8860674881238639,2.7755575615628914e-17,1.0670102032932145
2,17,4,0,-1.1437354415660028,-2.220446049250313e-16,1.0670102032932145
2,17,4,1,0.8860674881238639,2.7755575615628914e-17,1.0670102032932145
2,17,5,0,-1.1437354415660028,-2.220446049250313e-16,1.0670102032932145
2,17,5,1,0.8860674881238639,2.7755575615628914e-17,1.0670102032932145
2,18,0,0,-1.057030336314013,-1.9609979435754148e-16,1.0670102032932145
2,18,0,1,1.1053343495520427,4.0124932225625104e-17,1.0670102032932145
2,18,1,0,-1.057030336314013,-1.9609979435754148e-16,1.0670102032932145
2,18,1,1,1.1053343495520427,4.0124932225625104e-17,1.0670102032932145
2,18,2,0,-1.057030336314013,-1.9609979435754148e-16,1.0670102032932145
2,18,2,1,1.1053343495520427,4.0124932225625104e-17,1.0670102032932145
2,18,3,0,-1.057030336314013,-1.9609979435754148e-16,1.0670102032932145
2,18,3,1,1.1053343495520427,4.0124932225625104e-17,1.0670102032932145
2,18,4,0,-1.057030336314013,-1.9609979435754148e-16,1.0670102032932145
2,18,4,1,1.1053343495520427,4.0124932225625104e-17,1.0670102032932145
2,18,5,0,-1.057030336314013,-1.9609979435754148e-16,1.0670102032932145
2,18,5,1,1.1053343495520427,4.0124932225625104e-17,1.0670102032932145
2,19,0,0,-1.344615490634533,-2.07211004408082e-16,1.0670102032932145
2,19,0,1,1.041242496009642,-3.0940282244849344e-16,1.0670102032932145
2,19,1,0,-1.344615490634533,-2.07211004408082e-16,1.0670102032932145
2,19,1,1,1.041242496009642,-3.0940282244849344e-16,1.0670102032932145
2,19,2,0,-1.344615490634533,-2.07211004408082e-16,1.0670102032932145
2,19,2,1,1.041242496009642,-3.0940282244849344e-16,1.0670102032932145
2,19,3,0,-1.344615490634533,-2.07211004408082e-16,1.0670102032932145
2,19,3,1,1.041242496009642,-3.0940282244849344e-16,1.0670102032932145
2,19,4,0,-1.344615490634533,-2.07211004408082e-16,1.0670102032932145
2,19,4,1,1.041242496009642,-3.0940282244849344e-16,1.0670102032932145
2,19,5,0,-1.344615490634533,-2.07211004408082e-16,1.0670102032932145
2,19,5,1,1.041242496009642,-3.0940282244849344e-16,1.0670102032932145
3,0,0,0,-0.817746063962205,2.2151614497925935e-16,1.0579773093763662
3,0,0,1,1.1723235567094294,4.4300855420663257e-16,1.0579773093763662
3,0,1,0,-0.817746063962205,2.2151614497925935e-16,1.0579773093763662
3,0,1,1,1.1723235567094294,4.4300855420663257e-16,1.0579773093763662
3,0,2,0,-0.817746063962205,2.2151614497925935e-16,1.0579773093763662
3,0,2,1,1.1723235567094294,4.4300855420663257e-16,1.0579773093763662
3,0,3,0,-0.817746063962205,2.2151614497925935e-16,1.0579773093763662
3,0,3,1,1.1723235567094294,4.4300855420663257e-16,1.0579773093763662
3,0,4,0,-0.817746063962205,2.2151614497925935e-16,1.0579773093763662
3,0,4,1,1.1723235567094294,4.4300855420663257e-16,1.0579773093763662
3,0,5,0,-0.817746063962205,2.2151614497925935e-16,1.0579773093763662
3,0,5,1,1.1723235567094294,4.4300855420663257e-16,1.0579773093763662
3,1,0,0,-0.9307721000246575,1.3408258422698828e-16,1.0579773093763662
3,1,0,1,1.0842306655360623,2.2850273447701307e-17,1.0579773093763662
3,1,1,0,-0.9307721000246575,1.3408258422698828e-16,1.0579773093763662
3,1,1,1,1.0842306655360623,2.2850273447701307e-17,1.0579773093763662
3,1,2,0,-0.9307721000246575,1.3408258422698828e-16,1.0579773093763662
3,1,2,1,1.0842306655360623,2.2850273447701307e-17,1.0579773093763662
3,1,3,0,-0.9307721000246575,1.3408258422698828e-16,1.0579773093763662
3,1,3,1,1.0842306655360623,2.2850273447701307e-17,1.0579773093763662
3,1,4,0,-0.9307721000246575,1.3408258422698828e-16,1.0579773093763662
3,1,4,1,1.0842306655360623,2.2850273447701307e-17,1.0579773093763662
3,1,5,0,-0.9307721000246575,1.3408258422698828e-16,1.0579773093763662
3,1,5,1,1.0842306655360623,2.2850273447701307e-17,1.0579773093763662
3,2,0,0,-0.9156942971025311,-1.6653345369377348e-16,1.0579773093763662
3,2,0,1,1.2275099119134822,-5.551115123125783e-17,1.0579773093763662
3,2,1,0,-0.9156942971025311,-1.6653345369377348e-16,1.0579773093763662
3,2,1,1,1.2275099119134822,-5.551115123125783e-17,1.0579773093763662
3,2,2,0,-0.9156942971025311,-1.6653345369377348e-16,1.0579773093763662
3,2,2,1,1.2275099119134822,-5.551115123125783e-17,1.0579773093763662
3,2,3,0,-0.9156942971025311,-1.6653345369377348e-16,1.0579773093763662
3,2,3,1,1.2275099119134822,-5.551115123125783e-17,1.0579773093763662
3,2,4,0,-0.9156942971025311,-1.6653345369377348e-16,1.0579773093763662
3,2,4,1,1.2275099119134822,-5.551115123125783e-17,1.0579773093763662
3,2,5,0,-0.9156942971025311,-1.6653345369377348e-16,1.0579773093763662
3,2,5,1,1.2275099119134822,-5.551115123125783e-17,1.0579773093763662
3,3,0,0,-0.8447046512222219,1.4000096390615515e-16,1.0579773093763662
3,3,0,1,1.0726033808648976,2.265122131027116e-16,1.0579773093763662
3,3,1,0,-0.8447046512222219,1.4000096390615515e-16,1.0579773093763662
3,3,1,1,1.0726033808648976,2.265122131027116e-16,1.0579773093763662
3,3,2,0,-0.8447046512222219,1.4000096390615515e-16,1.0579773093763662
3,3,2,1,1.0726033808648976,2.265122131027116e-16,1.0579773093763662
3,3,3,0,-0.8447046512222219,1.4000096390615515e-16,1.0579773093763662
3,3,3,1,1.0726033808648976,2.265122131027116e-16,1.0579773093763662
3,3,4,0,-0.8447046512222219,1.4000096390615515e-16,1.0579773093763662
3,3,4,1,1.0726033808648976,2.265122131027116e-16,1.0579773093763662
3,3,5,0,-0.8447046512222219,1.4000096390615515e-16,1.0579773093763662
3,3,5,1,1.0726033808648976,2.265122131027116e-16,1.0579773093763662
3,4,0,0,-1.056577353335646,-2.0758197856995172e-16,1.0579773093763662
3,4,0,1,1.0857987454258509,5.584075713843253e-17,1.0579773093763662
3,4,1,0,-1.056577353335646,-2.0758197856995172e-16,1.0579773093763662
3,4,1,1,1.0857987454258509,5.584075713843253e-17,1.0579773093763662
3,4,2,0,-1.056577353335646,-2.0758197856995172e-16,1.0579773093763662
3,4,2,1,1.0857987454258509,5.584075713843253e-17,1.0579773093763662
3,4,3,0,-1.056577353335646,-2.0758197856995172e-16,1.0579773093763662
3,4,3,1,1.0857987454258509,5.584075713843253e-17,1.0579773093763662
3,4,4,0,-1.056577353335646,-2.0758197856995172e-16,1.0579773093763662
3,4,4,1,1.0857987454258509,5.584075713843253e-17,1.0579773093763662
3,4,5,0,-1.056577353335646,-2.0758197856995172e-16,1.0579773093763662
3,4,5,1,1.0857987454258509,5.584075713843253e-17,1.0579773093763662
3,5,0,0,-0.8687132455583962,-2.0890627932419135e-16,1.0579773093763662
3,5,0,1,1.201325350178911,2.2117688970109436e-16,1.0579773093763662
3,5,1,0,-0.8687132455583962,-2.0890627932419135e-16,1.0579773093763662
3,5,1,1,1.201325350178911,2.2117688970109436e-16,1.0579773093763662
3,5,2,0,-0.8687132455583962,-2.0890627932419135e-16,1.0579773093763662
3,5,2,1,1.201325350178911,2.2117688970109436e-16,1.0579773093763662
3,5,3,0,-0.8687132455583962,-2.0890627932419135e-16,1.0579773093763662
3,5,3,1,1.201325350178911,2.2117688970109436e-16,1.0579773093763662
3,5,4,0,-0.8687132455583962,-2.0890627932419135e-16,1.0579773093763662
3,5,4,1,1.201325350178911,2.2117688970109436e-16,1.0579773093763662
3,5,5,0,-0.8687132455583962,-2.0890627932419135e-16,1.0579773093763662
3,5,5,1,1.201325350178911,2.2117688970109436e-16,1.0579773093763662
3,6,0,0,-1.0139719407487902,-2.936081853955594e-16,1.0579773093763662
3,6,0,1,0.9832812290291795,-1.4814847004627412e-16,1.0579773093763662
3,6,1,0,-1.0139719407487902,-2.936081853955594e-16,1.0579773093763662
3,6,1,1,0.9832812290291795,-1.4814847004627412e-16,1.0579773093763662
3,6,2,0,-1.0139719407487902,-2.936081853955594e-16,1.0579773093763662
3,6,2,1,0.9832812290291795,-1.4814847004627412e-16,1.0579773093763662
3,6,3,0,-1.0139719407487902,-2.936081853955594e-16,1.0579773093763662
3,6,3,1,0.9832812290291795,-1.4814847004627412e-16,1.0579773093763662
3,6,4,0,-1.0139719407487902,-2.936081853955594e-16,1.0579773093763662
3,6,4,1,0.9832812290291795,-1.4814847004627412e-16,1.0579773093763662
3,6,5,0,-1.0139719407487902,-2.936081853955594e-16,1.0579773093763662
3,6,5,1,0.9832812290291795,-1.4814847004627412e-16,1.0579773093763662
3,7,0,0,-1.0212614285056327,-3.469446951953614e-17,1.0579773093763662
3,7,0,1,1.102380355828607,-1.3877787807814457e-17,1.0579773093763662
3,7,1,0,-1.0212614285056327,-3.469446951953614e-17,1.0579773093763662
3,7,1,1,1.102380355828607,-1.3877787807814457e-17,1.0579773093763662
3,7,2,0,-1.0212614285056327,-3.469446951953614e-17,1.0579773093763662
3,7,2,1,1.102380355828607,-1.3877787807814457e-17,1.0579773093763662
3,7,3,0,-1.0212614285056327,-3.469446951953614e-17,1.0579773093763662
3,7,3,1,1.102380355828607,-1.3877787807814457e-17,1.0579773093763662
3,7,4,0,-1.0212614285056327,-3.469446951953614e-17,1.0579773093763662
3,7,4,1,1.102380355828607,-1.3877787807814457e-17,1.0579773093763662
3,7,5,0,-1.0212614285056327,-3.469446951953614e-17,1.0579773093763662
3,7,5,1,1.102380355828607,-1.3877787807814457e-17,1.0579773093763662
3,8,0,0,-0.93048034945118,-5.019230113204816e-17,1.0579773093763662
3,8,0,1,1.1190197511445101,-2.457505419466868e-16,1.0579773093763662
3,8,1,0,-0.93048034945118,-5.019230113204816e-17,1.0579773093763662
3,8,1,1,1.1190197511445101,-2.457505419466868e-16,1.0579773093763662
3,8,2,0,-0.93048034945118,-5.019230113204816e-17,1.0579773093763662
3,8,2,1,1.1190197511445101,-2.457505419466868e-16,1.0579773093763662
3,8,3,0,-0.93048034945118,-5.019230113204816e-17,1.0579773093763662
3,8,3,1,1.1190197511445101,-2.457505419466868e-16,1.0579773093763662
3,8,4,0,-0.93048034945118,-5.019230113204816e-17,1.0579773093763662
3,8,4,1,1.1190197511445101,-2.457505419466868e-16,1.0579773093763662
3,8,5,0,-0.93048034945118,-5.019230113204816e-17,1.0579773093763662
3,8,5,1,1.1190197511445101,-2.457505419466868e-16,1.0579773093763662
3,9,0,0,-1.141248472182694,-5.987660308190156e-17,1.0579773093763662
3,9,0,1,0.9417572771204655,-3.934044177777732e-16,1.0579773093763662
3,9,1,0,-1.141248472182694,-5.987660308190156e-17,1.0579773093763662
3,9,1,1,0.9417572771204655,-3.934044177777732e-16,1.0579773093763662
3,9,2,0,-1.141248472182694,-5.987660308190156e-17,1.0579773093763662
3,9,2,1,0.9417572771204655,-3.934044177777732e-16,1.0579773093763662
3,9,3,0,-1.141248472182694,-5.987660308190156e-17,1.0579773093763662
3,9,3,1,0.9417572771204655,-3.934044177777732e-16,1.0579773093763662
3,9,4,0,-1.141248472182694,-5.987660308190156e-17,1.0579773093763662
3,9,4,1,0.9417572771204655,-3.934044177777732e-16,1.0579773093763662
3,9,5,0,-1.141248472182694,-5.987660308190156e-17,1.0579773093763662
3,9,5,1,0.9417572771204655,-3.934044177777732e-16,1.0579773093763662
3,10,0,0,-0.9496863790274961,-5.079708641269225e-17,1.0579773093763662
3,10,0,1,1.1078705743623518,1.0010290590519694e-16,1.0579773093763662
3,10,1,0,-0.9496863790274961,-5.079708641269225e-17,1.0579773093763662
3,10,1,1,1.1078705743623518,1.0010290590519694e-16,1.0579773093763662
3,10,2,0,-0.9496863790274961,-5.079708641269225e-17,1.0579773093763662
3,10,2,1,1.1078705743623518,1.0010290590519694e-16,1.0579773093763662
3,10,3,0,-0.9496863790274961,-5.079708641269225e-17,1.0579773093763662
3,10,3,1,1.1078705743623518,1.0010290590519694e-16,1.0579773093763662
3,10,4,0,-0.9496863790274961,-5.079708641269225e-17,1.0579773093763662
3,10,4,1,1.1078705743623518,1.0010290590519694e-16,1.0579773093763662
3,10,5,0,-0.9496863790274961,-5.079708641269225e-17,1.0579773093763662
3,10,5,1,1.1078705743623518,1.0010290590519694e-16,1.0579773093763662
3,11,0,0,-1.09256761265702,-6.257685357823678e-17,1.0579773093763662
3,11,0,1,1.0052222118560457,6.29793947497269e-17,1.0579773093763662
3,11,1,0,-1.09256761265702,-6.257685357823678e-17,1.0579773093763662
3,11,1,1,1.0052222118560457,6.29793947497269e-17,1.0579773093763662
3,11,2,0,-1.09256761265702,-6.257685357823678e-17,1.0579773093763662
3,11,2,1,1.0052222118560457,6.29793947497269e-17,1.0579773093763662
3,11,3,0,-1.09256761265702,-6.257685357823678e-17,1.0579773093763662
3,11,3,1,1.0052222118560457,6.29793947497269e-17,1.0579773093763662
3,11,4,0,-1.09256761265702,-6.257685357823678e-17,1.0579773093763662
3,11,4,1,1.0052222118560457,6.29793947497269e-17,1.0579773093763662
3,11,5,0,-1.09256761265702,-6.257685357823678e-17,1.0579773093763662
3,11,5,1,1.0052222118560457,6.29793947497269e-17,1.0579773093763662
3,12,0,0,-1.1028714468127732,9.71445146547012e-17,1.0579773093763662
3,12,0,1,0.9156486106222671,-2.6237692574149207e-16,1.0579773093763662
3,12,1,0,-1.1028714468127732,9.71445146547012e-17,1.0579773093763662
3,12,1,1,0.9156486106222671,-2.6237692574149207e-16,1.0579773093763662
3,12,2,0,-1.1028714468127732,9.71445146547012e-17,1.0579773093763662
3,12,2,1,0.9156486106222671,-2.6237692574149207e-16,1.0579773093763662
3,12,3,0,-1.1028714468127732,9.71445146547012e-17,1.0579773093763662
3,12,3,1,0.9156486106222671,-2.6237692574149207e-16,1.0579773093763662
3,12,4,0,-1.1028714468127732,9.71445146547012e-17,1.0579773093763662
3,12,4,1,0.9156486106222671,-2.6237692574149207e-16,1.0579773093763662
3,12,5,0,-1.1028714468127732,9.71445146547012e-17,1.0579773093763662
3,12,5,1,0.9156486106222671,-2.6237692574149207e-16,1.0579773093763662
3,13,0,0,-1.0084392113176215,-1.4106294620387698e-16,1.0579773093763662
3,13,0,1,1.094637146517559,-2.852981566572927e-16,1.0579773093763662
3,13,1,0,-1.0084392113176215,-1.4106294620387698e-16,1.0579773093763662
3,13,1,1,1.094637146517559,-2.852981566572927e-16,1.0579773093763662
3,13,2,0,-1.0084392113176215,-1.4106294620387698e-16,1.0579773093763662
3,13,2,1,1.094637146517559,-2.852981566572927e-16,1.0579773093763662
3,13,3,0,-1.0084392113176215,-1.4106294620387698e-16,1.0579773093763662
3,13,3,1,1.094637146517559,-2.852981566572927e-16,1.0579773093763662
3,13,4,0,-1.0084392113176215,-1.4106294620387698e-16,1.0579773093763662
3,13,4,1,1.094637146517559,-2.852981566572927e-16,1.0579773093763662
3,13,5,0,-1.0084392113176215,-1.4106294620387698e-16,1.0579773093763662
3,13,5,1,1.094637146517559,-2.852981566572927e-16,1.0579773093763662
3,14,0,0,-1.207340672754887,7.113085625080244e-16,1.0579773093763662
3,14,0,1,0.8945519009558616,1.5615643446297427e-16,1.0579773093763662
3,14,1,0,-1.207340672754887,7.113085625080244e-16,1.0579773093763662
3,14,1,1,0.8945519009558616,1.5615643446297427e-16,1.0579773093763662
3,14,2,0,-1.207340672754887,7.113085625080244e-16,1.0579773093763662
3,14,2,1,0.8945519009558616,1.5615643446297427e-16,1.0579773093763662
3,14,3,0,-1.207340672754887,7.113085625080244e-16,1.0579773093763662
3,14,3,1,0.8945519009558616,1.5615643446297427e-16,1.0579773093763662
3,14,4,0,-1.207340672754887,7.113085625080244e-16,1.0579773093763662
3,14,4,1,0.8945519009558616,1.5615643446297427e-16,1.0579773093763662
3,14,5,0,-1.207340672754887,7.113085625080244e-16,1.0579773093763662
3,14,5,1,0.8945519009558616,1.5615643446297427e-16,1.0579773093763662
3,15,0,0,-1.0211519866313308,-5.973365857514301e-17,1.0579773093763662
3,15,0,1,0.9151028234626245,-1.4938898682004924e-16,1.0579773093763662
3,15,1,0,-1.0211519866313308,-5.973365857514301e-17,1.0579773093763662
3,15,1,1,0.9151028234626245,-1.4938898682004924e-16,1.0579773093763662
3,15,2,0,-1.0211519866313308,-5.973365857514301e-17,1.0579773093763662
3,15,2,1,0.9151028234626245,-1.4938898682004924e-16,1.0579773093763662
3,15,3,0,-1.0211519866313308,-5.973365857514301e-17,1.0579773093763662
3,15,3,1,0.9151028234626245,-1.4938898682004924e-16,1.0579773093763662
3,15,4,0,-1.0211519866313308,-5.973365857514301e-17,1.0579773093763662
3,15,4,1,0.9151028234626245,-1.4938898682004924e-16,1.0579773093763662
3,15,5,0,-1.0211519866313308,-5.973365857514301e-17,1.0579773093763662
3,15,5,1,0.9151028234626245,-1.4938898682004924e-16,1.0579773093763662
3,16,0,0,-1.1565501069628437,2.3009993928000936e-16,1.0579773093763662
3,16,0,1,1.01487729381884,1.460147255271545e-16,1.0579773093763662
3,16,1,0,-1.1565501069628437,2.3009993928000936e-16,1.0579773093763662
3,16,1,1,1.01487729381884,1.460147255271545e-16,1.0579773093763662
3,16,2,0,-1.1565501069628437,2.3009993928000936e-16,1.0579773093763662
3,16,2,1,1.01487729381884,1.460147255271545e-16,1.0579773093763662
3,16,3,0,-1.1565501069628437,2.3009993928000936e-16,1.0579773093763662
3,16,3,1,1.01487729381884,1.460147255271545e-16,1.0579773093763662
3,16,4,0,-1.1565501069628437,2.3009993928000936e-16,1.0579773093763662
3,16,4,1,1.01487729381884,1.460147255271545e-16,1.0579773093763662
3,16,5,0,-1.1565501069628437,2.3009993928000936e-16,1.0579773093763662
3,16,5,1,1.01487729381884,1.460147255271545e-16,1.0579773093763662
3,17,0,0,-1.1748356479450672,1.3877787807814457e-16,1.0579773093763662
3,17,0,1,0.8131873620993916,1.249000902703301e-16,1.0579773093763662
3,17,1,0,-1.1748356479450672,1.3877787807814457e-16,1.0579773093763662
3,17,1,1,0.8131873620993916,1.249000902703301e-16,1.0579773093763662
3,17,2,0,-1.1748356479450672,1.3877787807814457e-16,1.0579773093763662
3,17,2,1,0.8131873620993916,1.249000902703301e-16,1.0579773093763662
3,17,3,0,-1.1748356479450672,1.3877787807814457e-16,1.0579773093763662
3,17,3,1,0.8131873620993916,1.249000902703301e-16,1.0579773093763662
3,17,4,0,-1.1748356479450672,1.3877787807814457e-16,1.0579773093763662
3,17,4,1,0.8131873620993916,1.249000902703301e-16,1.0579773093763662
3,17,5,0,-1.1748356479450672,1.3877787807814457e-16,1.0579773093763662
3,17,5,1,0.8131873620993916,1.249000902703301e-16,1.0579773093763662
3,18,0,0,-1.0823062364111682,2.2523362553105633e-16,1.0579773093763662
3,18,0,1,0.9276053299478876,-1.4758510133560432e-16,1.0579773093763662
3,18,1,0,-1.0823062364111682,2.2523362553105633e-16,1.0579773093763662
3,18,1,1,0.9276053299478876,-1.4758510133560432e-16,1.0579773093763662
3,18,2,0,-1.0823062364111682,2.2523362553105633e-16,1.0579773093763662
3,18,2,1,0.9276053299478876,-1.4758510133560432e-16,1.0579773093763662
3,18,3,0,-1.0823062364111682,2.2523362553105633e-16,1.0579773093763662
3,18,3,1,0.9276053299478876,-1.4758510133560432e-16,1.0579773093763662
3,18,4,0,-1.0823062364111682,2.2523362553105633e-16,1.0579773093763662
3,18,4,1,0.9276053299478876,-1.4758510133560432e-16,1.0579773093763662
3,18,5,0,-1.0823062364111682,2.2523362553105633e-16,1.0579773093763662
3,18,5,1,0.9276053299478876,-1.4758510133560432e-16,1.0579773093763662
3,19,0,0,-1.2112703411272883,2.0095442733485548e-16,1.0579773093763662
3,19,0,1,0.8813037213899968,1.0659425510006454e-16,1.0579773093763662
3,19,1,0,-1.2112703411272883,2.0095442733485548e-16,1.0579773093763662
3,19,1,1,0.8813037213899968,1.0659425510006454e-16,1.0579773093763662
3,19,2,0,-1.2112703411272883,2.0095442733485548e-16,1.0579773093763662
3,19,2,1,0.8813037213899968,1.0659425510006454e-16,1.0579773093763662
3,19,3,0,-1.2112703411272883,2.0095442733485548e-16,1.0579773093763662
3,19,3,1,0.8813037213899968,1.0659425510006454e-16,1.0579773093763662
3,19,4,0,-1.2112703411272883,2.0095442733485548e-16,1.0579773093763662
3,19,4,1,0.8813037213899968,1.0659425510006454e-16,1.0579773093763662
3,19,5,0,-1.2112703411272883,2.0095442733485548e-16,1.0579773093763662
3,19,5,1,0.8813037213899968,1.0659425510006454e-16,1.0579773093763662
